time,open,high,low,close,Volume,Volume MA
2019-07-02T09:00:00-03:00,3851.5,3890,3828,3855.238,484155,366829.75
2019-07-03T09:00:00-03:00,3870,3884,3825,3841.125,363130,365924.75
2019-07-04T09:00:00-03:00,3814.5,3818,3792.5,3801.164,245200,353292.75
2019-07-05T09:00:00-03:00,3810,3845.5,3805,3825.461,291995,351009.25
2019-07-08T09:00:00-03:00,3822.5,3824.5,3806.5,3812.346,181870,344467
2019-07-10T09:00:00-03:00,3793,3797.5,3757,3763.175,439580,353526.5
2019-07-11T09:00:00-03:00,3746,3772,3739.5,3759.418,367200,357039
2019-07-12T09:00:00-03:00,3765,3769,3735.5,3747.873,297205,352139.25
2019-07-15T09:00:00-03:00,3734,3764,3733,3761.582,208670,343741.25
2019-07-16T09:00:00-03:00,3757.5,3776,3757.5,3768.924,275520,337326.5
2019-07-17T09:00:00-03:00,3772,3772,3759,3764.421,254485,333692.25
2019-07-18T09:00:00-03:00,3764,3767,3721.5,3733.444,311375,333518.25
2019-07-19T09:00:00-03:00,3731,3757,3730.5,3749.553,293890,327614.25
2019-07-22T09:00:00-03:00,3746.5,3750.5,3732.5,3737.372,204500,322032
2019-07-23T09:00:00-03:00,3745,3782,3743,3772.972,313840,321205.25
2019-07-24T09:00:00-03:00,3767.5,3779.5,3754,3769.856,269620,313450.75
2019-07-25T09:00:00-03:00,3768,3807,3757,3782.834,381060,313446
2019-07-26T09:00:00-03:00,3780,3795.5,3761,3770.245,309480,309771
2019-07-29T09:00:00-03:00,3785,3801.5,3777.5,3784.797,226625,303480
2019-07-30T09:00:00-03:00,3784.5,3799.5,3776,3789.718,288175,300378.75
2019-07-31T09:00:00-03:00,3791,3832,3757,3814.612,754215,313881.75
2019-08-01T09:00:00-03:00,3834,3870,3820,3852.046,498170,320633.75
2019-08-02T09:00:00-03:00,3860,3901.5,3857,3893.025,461685,331458
2019-08-05T09:00:00-03:00,3935,3987,3922,3967.383,502130,341964.75
2019-08-06T09:00:00-03:00,3950.5,3994,3945,3969.804,419700,353856.25
2019-08-07T09:00:00-03:00,3952,4000,3952,3986.283,465365,355145.5
2019-08-08T09:00:00-03:00,3969.5,3975,3926,3933.341,373265,355448.75
2019-08-09T09:00:00-03:00,3939,3957.5,3930,3950.291,381470,359662
2019-08-12T09:00:00-03:00,4006,4020,3981,3988.263,419280,370192.5
2019-08-13T09:00:00-03:00,3995,4019,3952,3966.326,530805,382956.75
2019-08-14T09:00:00-03:00,4000,4059.5,3993,4044.234,506155,395540.25
2019-08-15T09:00:00-03:00,4022,4050,3986,3997.921,566000,408271.5
2019-08-16T09:00:00-03:00,3985,4013,3981,4004.088,326010,409877.5
2019-08-19T09:00:00-03:00,4001.5,4080,3995.5,4070.133,393135,419309.25
2019-08-20T09:00:00-03:00,4070,4078,4030,4044.832,439905,425612.5
2019-08-21T09:00:00-03:00,4031,4042,4017.5,4029.278,377595,431011.25
2019-08-22T09:00:00-03:00,4035,4084,4020,4070.598,429315,433424
2019-08-23T09:00:00-03:00,4080.5,4133,4052,4117.38,631285,449514.25
2019-08-26T09:00:00-03:00,4108,4170,4102.5,4151.187,443230,460344.5
2019-08-27T09:00:00-03:00,4151,4195,4121.5,4146.951,610930,476482.25
2019-08-28T09:00:00-03:00,4145,4169.5,4130.5,4160.609,357275,456635.25
2019-08-29T09:00:00-03:00,4158.5,4177.5,4143.5,4159.603,453130,454383.25
2019-08-30T09:00:00-03:00,4157,4171.5,4129,4133.392,530860,457842
2019-09-02T09:00:00-03:00,4151,4196,4148,4187.536,164515,440961.25
2019-09-03T09:00:00-03:00,4185,4193,4158,4187.073,376690,438810.75
2019-09-04T09:00:00-03:00,4142.5,4159.5,4096,4108.337,367125,433898.75
2019-09-05T09:00:00-03:00,4090,4121,4076,4103.738,374555,433963.25
2019-09-06T09:00:00-03:00,4102,4103.5,4060.5,4080.88,343500,432064.75
2019-09-09T09:00:00-03:00,4053,4110,4053,4103.613,304050,426303.25
2019-09-10T09:00:00-03:00,4099,4135,4084.5,4101.651,396385,419582.25
2019-09-11T09:00:00-03:00,4095,4098,4057,4073.246,363505,412449.75
2019-09-12T09:00:00-03:00,4049.5,4075,4031.5,4062.239,478785,408089
2019-09-13T09:00:00-03:00,4051,4099,4046.5,4088.39,390990,411338
2019-09-16T09:00:00-03:00,4095,4109,4078.5,4094.013,248530,404107.75
2019-09-17T09:00:00-03:00,4096.5,4119.5,4075.5,4083.354,375970,400911
2019-09-18T09:00:00-03:00,4080,4117,4075,4102.937,356805,399871.5
2019-09-19T09:00:00-03:00,4135,4170.5,4127.5,4153.095,406630,398737.25
2019-09-20T09:00:00-03:00,4163,4186,4147.5,4161.54,406420,387494
2019-09-23T09:00:00-03:00,4150,4186.5,4146,4172.856,306495,380657.25
2019-09-24T09:00:00-03:00,4155.5,4185.5,4153.5,4170.696,314750,365848.25
2019-09-25T09:00:00-03:00,4189,4195,4145,4158.528,394455,367707.25
2019-09-26T09:00:00-03:00,4148,4173,4122.5,4164.115,390890,364595.25
2019-09-27T09:00:00-03:00,4164,4168,4145.5,4157.477,303445,353224.5
2019-09-30T09:00:00-03:00,4166.5,4180.5,4151.5,4158.395,294645,359731
2019-10-01T09:00:00-03:00,4175.5,4193.5,4162,4169.38,340545,357923.75
2019-10-02T09:00:00-03:00,4187,4191,4136.5,4150.968,375380,358336.5
2019-10-03T09:00:00-03:00,4131,4138,4082.5,4090.79,387865,359002
2019-10-04T09:00:00-03:00,4088,4095.5,4058,4070.769,354315,359542.75
2019-10-07T09:00:00-03:00,4076,4115.5,4065.5,4103.509,343855,361533
2019-10-08T09:00:00-03:00,4118.5,4119,4080,4090.819,386000,361013.75
2019-10-09T09:00:00-03:00,4085,4116.5,4077,4101.799,284990,357088
2019-10-10T09:00:00-03:00,4108.5,4143.5,4095.5,4133.743,434025,354850
2019-10-11T09:00:00-03:00,4096,4132,4086,4100.079,448785,357739.75
2019-10-14T09:00:00-03:00,4115,4143,4112,4136.916,205140,355570.25
2019-10-15T09:00:00-03:00,4129.5,4181,4126,4164.673,327945,353169
2019-10-16T09:00:00-03:00,4180,4191.5,4152,4165.826,324440,351550.75
2019-10-17T09:00:00-03:00,4148,4186.5,4132,4167.133,392600,350849.25
2019-10-18T09:00:00-03:00,4161.5,4167.5,4115,4117.408,307245,345890.5
2019-10-21T09:00:00-03:00,4124.5,4156,4121,4140.114,262305,343681
2019-10-22T09:00:00-03:00,4129.5,4129.5,4065,4077.061,395380,347712.5
2019-10-23T09:00:00-03:00,4087,4095,4031.5,4036.516,400155,347997.5
2019-10-24T09:00:00-03:00,4030,4047.5,4001,4037.129,444900,350698
2019-10-25T09:00:00-03:00,4025,4034.5,3992,4007.931,343190,352685.25
2019-10-28T09:00:00-03:00,4007,4010.5,3974,3987.928,334055,354655.75
2019-10-29T09:00:00-03:00,3993.5,4006,3984.5,4000.112,360255,355641.25
2019-10-30T09:00:00-03:00,4007,4032,3982,4008.564,449925,359368.5
2019-10-31T09:00:00-03:00,3983.5,4044.5,3972,4028.712,558520,367901.25
2019-11-01T09:00:00-03:00,4012.5,4017.5,3976.5,4000.095,400495,370210.25
2019-11-04T09:00:00-03:00,3987.5,4023,3982,4015.219,303275,368181.25
2019-11-05T09:00:00-03:00,4008,4030,3990,3992.93,358590,366810.75
2019-11-06T09:00:00-03:00,4000,4095,3982.5,4084.762,478020,376462.25
2019-11-07T09:00:00-03:00,4059,4109,4048,4092.245,438760,376699
2019-11-08T09:00:00-03:00,4121,4176,4114,4151.935,386610,373590.25
2019-11-11T09:00:00-03:00,4173,4176.5,4141,4143.843,221260,374396.25
2019-11-12T09:00:00-03:00,4150.5,4193,4148,4168.814,433105,379654.25
2019-11-13T09:00:00-03:00,4183.5,4195,4169,4188.621,402435,383554
2019-11-14T09:00:00-03:00,4182,4203,4168,4192.95,325835,380215.75
2019-11-18T09:00:00-03:00,4179,4222,4173.5,4199.884,315100,380608.5
2019-11-19T09:00:00-03:00,4209,4223,4190,4200.852,384685,386727.5
2019-11-21T09:00:00-03:00,4208.5,4226.5,4187,4210.76,420520,387984.5
2019-11-22T09:00:00-03:00,4196.5,4203,4176,4190.951,317560,383854.75
2019-11-25T09:00:00-03:00,4196,4225.5,4190.5,4212.565,310320,377125.75
2019-11-26T09:00:00-03:00,4251,4277.5,4235.5,4248.641,588955,389414
2019-11-27T09:00:00-03:00,4227.5,4271.5,4226.5,4254.058,390465,392234.5
2019-11-28T09:00:00-03:00,4250.5,4261.5,4207.5,4217.072,337510,391097.25
2019-11-29T09:00:00-03:00,4198.5,4250,4188.5,4235.102,438255,390513.75
2019-12-02T09:00:00-03:00,4261,4262,4214.5,4221.8,288435,377009.5
2019-12-03T09:00:00-03:00,4217,4220.5,4191,4210.414,327480,373358.75
2019-12-04T09:00:00-03:00,4201,4215,4188,4201.144,322940,374342
2019-12-05T09:00:00-03:00,4206,4228,4181.5,4188.787,312435,372034.25
2019-12-06T09:00:00-03:00,4184,4199,4139,4153.673,356690,365967.75
2019-12-09T09:00:00-03:00,4145,4164.5,4129,4139.848,312505,359655
2019-12-10T09:00:00-03:00,4141,4155,4136.5,4146.953,327875,356718.25
2019-12-11T09:00:00-03:00,4143.5,4146,4112,4132.707,412895,366300
2019-12-12T09:00:00-03:00,4116,4134,4085,4101.165,493415,369315.5
2019-12-13T09:00:00-03:00,4086,4119.5,4077,4113.128,398950,369141.25
2019-12-16T09:00:00-03:00,4102,4104.5,4056,4058.329,339390,369819
2019-12-17T09:00:00-03:00,4062.5,4078.5,4051.5,4066.072,352155,371671.75
2019-12-18T09:00:00-03:00,4073,4076.5,4046,4063.901,454960,375185.5
2019-12-19T09:00:00-03:00,4067.5,4071,4052,4060.14,345305,371424.75
2019-12-20T09:00:00-03:00,4069,4104,4059,4092.734,399310,375512.25
2019-12-23T09:00:00-03:00,4090,4096.5,4058,4077.668,253175,372655
2019-12-26T09:00:00-03:00,4075,4077.5,4046.5,4060.216,217075,354061
2019-12-27T09:00:00-03:00,4046,4060,4034.5,4044.664,230975,346086.5
2019-12-30T09:00:00-03:00,4041.5,4048,4013.5,4022.448,338595,346140.75
2020-01-02T09:00:00-03:00,4015.5,4046,4008.5,4033.272,289320,338694
2020-01-03T09:00:00-03:00,4070,4075.5,4037.5,4053.512,317920,340168.25
2020-01-06T09:00:00-03:00,4060,4080.5,4053,4060.51,287205,338154.5
2020-01-07T09:00:00-03:00,4068,4098.5,4061,4066.283,374255,340720.25
2020-01-08T09:00:00-03:00,4065.5,4083.5,4045.5,4049.965,349570,342577
2020-01-09T09:00:00-03:00,4065,4099,4063.5,4090.66,345510,342018
2020-01-10T09:00:00-03:00,4088,4110,4067,4084.827,366390,344712.25
2020-01-13T09:00:00-03:00,4094,4152,4094,4144.852,388135,347725.25
2020-01-14T09:00:00-03:00,4150,4166,4126,4137.698,378875,346024.25
2020-01-15T09:00:00-03:00,4151,4190,4142.5,4179.437,402630,341485
2020-01-16T09:00:00-03:00,4175,4204.5,4164,4199.537,315770,337326
2020-01-17T09:00:00-03:00,4178,4196.5,4163,4170.324,320065,336359.75
2020-01-20T09:00:00-03:00,4166.5,4195.5,4166.5,4193.674,118285,324666.25
2020-01-21T09:00:00-03:00,4200,4220.5,4186,4199.721,345315,319184
2020-01-22T09:00:00-03:00,4202.5,4208.5,4176,4187.086,285365,316187
2020-01-23T09:00:00-03:00,4188,4193,4159,4166.705,380185,315230.75
2020-01-24T09:00:00-03:00,4169,4194,4167.5,4187.533,297495,317446.75
2020-01-27T09:00:00-03:00,4215,4233.5,4203,4207.766,346330,323909.5
2020-01-28T09:00:00-03:00,4205,4217.5,4189,4200.992,421780,333449.75
2020-01-29T09:00:00-03:00,4199.5,4233.5,4183,4220.773,460270,339533.5
2020-01-30T09:00:00-03:00,4247,4273,4239,4264.454,476005,348867.75
2020-01-31T09:00:00-03:00,4269,4296,4253,4288.873,546625,360303
2020-02-03T09:00:00-03:00,4275,4279.5,4236,4254.461,330065,362446
2020-02-04T09:00:00-03:00,4239.5,4268,4229,4254.572,341400,360803.25
2020-02-05T09:00:00-03:00,4252.5,4266,4232.5,4258.351,389935,362821.5
2020-02-06T09:00:00-03:00,4222,4291,4213.5,4280.137,526405,371866.25
2020-02-07T09:00:00-03:00,4301,4328.5,4291.5,4320.469,408740,373983.75
2020-02-10T09:00:00-03:00,4315.5,4333.5,4308.5,4328.765,265895,367871.75
2020-02-11T09:00:00-03:00,4317.5,4344,4301,4341.296,364480,367152
2020-02-12T09:00:00-03:00,4327,4358.5,4326,4347.618,321965,363118.75
2020-02-13T09:00:00-03:00,4382,4385.5,4311.5,4345.014,485505,371605.5
2020-02-14T09:00:00-03:00,4325,4336.5,4293,4306.145,355885,373396.5
2020-02-17T09:00:00-03:00,4305.5,4333.5,4305,4332.025,152665,375115.5
2020-02-18T09:00:00-03:00,4349,4365.5,4339,4360.454,289295,372314.5
2020-02-19T09:00:00-03:00,4367.5,4378,4360.5,4369.755,273130,371702.75
2020-02-20T09:00:00-03:00,4383,4399.5,4359,4394.622,372085,371297.75
2020-02-21T09:00:00-03:00,4408,4409,4373,4390.477,353355,374090.75
2020-02-26T09:00:00-03:00,4415.5,4455.5,4405,4439.063,341865,373867.5
2020-02-27T09:00:00-03:00,4451.5,4502,4448.5,4472.827,570910,381324
2020-02-28T09:00:00-03:00,4506,4522.5,4473.5,4511.61,694010,393011
2020-03-02T09:00:00-03:00,4509.5,4514.5,4477,4488.203,452700,391845.75
2020-03-03T09:00:00-03:00,4482.5,4526,4460.5,4514.994,604840,394756.5
2020-03-04T09:00:00-03:00,4526,4596.5,4511.5,4578.38,507335,403620
2020-03-05T09:00:00-03:00,4606,4674,4595,4646.256,633620,418231
2020-03-06T09:00:00-03:00,4643.5,4678.5,4618,4637.354,520485,424758.5
2020-03-09T09:00:00-03:00,4763.5,4799,4713.5,4746.659,499860,423431.25
2020-03-10T09:00:00-03:00,4685,4694,4642.5,4653.951,507815,428385
2020-03-11T09:00:00-03:00,4676,4835,4661.5,4749.226,469035,438542
2020-03-12T09:00:00-03:00,5028,5034,4755.5,4812.487,535705,447103.25
2020-03-13T09:00:00-03:00,4709,4885.5,4649,4843.25,493980,455704
2020-03-16T09:00:00-03:00,4980,5073.5,4884.5,5016.06,405685,451713
2020-03-17T09:00:00-03:00,5049,5089.5,4962,4991.704,507855,459311.5
2020-03-18T09:00:00-03:00,5135,5257.5,5056.5,5224.917,462205,474788.5
2020-03-19T09:00:00-03:00,5207.5,5212.5,5070,5103.903,393540,480000.75
2020-03-20T09:00:00-03:00,5000.5,5070,4984,5020.767,338770,483282.75
2020-03-23T09:00:00-03:00,5077,5150,5007.5,5133.598,296435,479500.25
2020-03-24T09:00:00-03:00,5049.5,5108,5045,5088.201,284970,476081
2020-03-25T09:00:00-03:00,5078,5110,4974,4995.58,308750,474425.25
2020-03-26T09:00:00-03:00,5055.5,5066,4974,5001.839,352500,463504.75
2020-03-27T09:00:00-03:00,5063,5128.5,5045,5068.714,344295,446019
2020-03-30T09:00:00-03:00,5116.5,5196.5,5110,5179.375,258860,436327
2020-03-31T09:00:00-03:00,5198,5223,5178,5202.234,439845,428077.25
2020-04-01T09:00:00-03:00,5245,5284,5230.5,5264.67,321615,418791.25
2020-04-02T09:00:00-03:00,5257.5,5293.5,5231.5,5278.629,306180,402419.25
2020-04-03T09:00:00-03:00,5287,5364,5276.5,5321.472,293785,391084.25
2020-04-06T09:00:00-03:00,5315,5319.5,5233,5293.46,273085,379745.5
2020-04-07T09:00:00-03:00,5190.5,5259,5190,5227.067,302855,369497.5
2020-04-08T09:00:00-03:00,5232,5255.5,5118.5,5157.864,292035,360647.5
2020-04-09T09:00:00-03:00,5132,5159,5055.5,5102.17,306955,349210
2020-04-13T09:00:00-03:00,5126,5214.5,5111,5178.802,249260,336974
2020-04-14T09:00:00-03:00,5192,5217.5,5153.5,5184.102,278190,330599.25
2020-04-15T09:00:00-03:00,5225,5273.5,5221,5246.475,233900,316901.5
2020-04-16T09:00:00-03:00,5253.5,5273,5206.5,5264.515,264870,307034.75
2020-04-17T09:00:00-03:00,5225.5,5280,5211.5,5252.62,263905,300553
2020-04-20T09:00:00-03:00,5290,5323.5,5268.5,5314.067,232765,295252.75
2020-04-22T09:00:00-03:00,5325,5467,5305.5,5400.281,366825,298772.25
2020-04-23T09:00:00-03:00,5455,5560,5404.5,5492.331,498315,309439.5
2020-04-24T09:00:00-03:00,5558,5751.5,5557,5687.606,571240,322564
2020-04-27T09:00:00-03:00,5542,5728.5,5535,5705.021,444320,327155
2020-04-28T09:00:00-03:00,5610,5624,5472.5,5510.356,421680,331024.25
2020-04-29T09:00:00-03:00,5460.5,5528.5,5335,5374.976,395395,337851
2020-04-30T09:00:00-03:00,5359.5,5499,5339.5,5457.213,391650,335441.25
2020-05-04T09:00:00-03:00,5619,5628.5,5529,5552.836,269980,332859.5
2020-05-05T09:00:00-03:00,5538,5614,5491.5,5585.566,277085,331404.75
2020-05-06T09:00:00-03:00,5606,5731.5,5606,5688.961,230300,328230.5
2020-05-07T09:00:00-03:00,5780,5884.5,5751,5843.367,414735,335313
2020-05-08T09:00:00-03:00,5803.5,5835.5,5725,5757.028,289760,334658.25
2020-05-11T09:00:00-03:00,5790,5848,5772,5834.287,272745,333693.75
2020-05-12T09:00:00-03:00,5805,5901.5,5749,5885.975,294840,333088
2020-05-13T09:00:00-03:00,5829.5,5950.5,5824,5933.852,319910,336620.5
2020-05-14T09:00:00-03:00,5928,5977.5,5808.5,5911.795,399345,342678.25
2020-05-15T09:00:00-03:00,5868,5882,5764.5,5845.523,291685,345567.5
2020-05-18T09:00:00-03:00,5788,5809,5698.5,5725.064,275300,346089
2020-05-19T09:00:00-03:00,5696,5772,5685.5,5730.017,292360,347511.75
2020-05-20T09:00:00-03:00,5724,5756.5,5672,5687.39,254780,348612.5
2020-05-21T09:00:00-03:00,5700,5709,5550,5569.868,414560,350999.25
2020-05-22T09:00:00-03:00,5577,5627.5,5525,5583.099,333905,342778.75
2020-05-25T09:00:00-03:00,5496,5531.5,5434.5,5462.216,178525,323143
2020-05-26T09:00:00-03:00,5388,5403,5334.5,5347.317,373615,319607.75
2020-05-27T09:00:00-03:00,5344.5,5361,5270.5,5283.446,352850,316166.25
2020-05-28T09:00:00-03:00,5283,5412,5282,5352.072,304280,311610.5
2020-05-29T09:00:00-03:00,5392,5469.5,5326,5385.369,433810,313718.5
2020-06-01T09:00:00-03:00,5340,5426,5317,5405.093,334490,316944
2020-06-02T09:00:00-03:00,5320,5346,5206,5227.669,343050,320242.25
2020-06-03T09:00:00-03:00,5217,5220,5023,5093.186,473900,332422.25
2020-06-04T09:00:00-03:00,5064.5,5148.5,5031.5,5113.303,416585,332514.75
2020-06-05T09:00:00-03:00,5066.5,5085.5,4940,4974.246,381600,337106.75
2020-06-08T09:00:00-03:00,4970,4982,4823.5,4884.784,319840,339461.5
2020-06-09T09:00:00-03:00,4875,4946,4858,4906.006,308575,340148.25
2020-06-10T09:00:00-03:00,4860,4983,4842,4949.873,399545,344130
2020-06-12T09:00:00-03:00,5093,5116.5,5006,5082.052,381880,343256.75
2020-06-15T09:00:00-03:00,5139.5,5229.5,5083,5133.161,363775,346861.25
2020-06-16T09:00:00-03:00,5119.5,5258,5052,5203.925,376620,351927.25
2020-06-17T09:00:00-03:00,5225,5275.5,5185.5,5253.722,298950,352256.75
2020-06-18T09:00:00-03:00,5309,5391,5295,5368.848,309025,354969
2020-06-19T09:00:00-03:00,5330,5383.5,5291,5300.714,351360,351809
2020-06-22T09:00:00-03:00,5295,5300,5200.5,5263.629,262685,348248
2020-06-23T09:00:00-03:00,5208,5228.5,5135.5,5144.425,278340,353238.75
2020-06-24T09:00:00-03:00,5180,5355,5166,5320.843,333335,351224.75
2020-06-25T09:00:00-03:00,5382,5388,5268,5334.638,347475,350956
2020-06-26T09:00:00-03:00,5381.5,5493.5,5368.5,5458.819,335750,352529.5
2020-06-29T09:00:00-03:00,5460,5473,5390,5437.563,270445,344361.25
2020-06-30T09:00:00-03:00,5430,5513.5,5410.5,5440.036,327865,344030
2020-07-01T09:00:00-03:00,5472.5,5482,5305.5,5334.281,281190,340937
2020-07-02T09:00:00-03:00,5290.5,5382,5273.5,5367.419,298615,332172.75
2020-07-03T09:00:00-03:00,5353.5,5388,5312,5317.35,127450,317716
2020-07-06T09:00:00-03:00,5276,5365.5,5268.5,5359.86,216840,309478
2020-07-07T09:00:00-03:00,5395,5409,5296,5373.897,280040,307488
2020-07-08T09:00:00-03:00,5368.5,5400,5324,5351.517,271590,305638.75
2020-07-09T09:00:00-03:00,5343.5,5383.5,5251,5367.395,352225,303272.75
2020-07-10T09:00:00-03:00,5371,5399,5316.5,5325.986,196485,294003
2020-07-13T09:00:00-03:00,5318.5,5414,5314.5,5361.829,241525,287890.5
2020-07-14T09:00:00-03:00,5388,5458,5335,5339.561,326820,285400.5
2020-07-15T09:00:00-03:00,5314,5394.5,5296,5375.839,276110,284258.5
2020-07-16T09:00:00-03:00,5383.5,5397,5311,5322.312,244945,281054.5
2020-07-17T09:00:00-03:00,5333,5395,5319.5,5385.184,194675,273220.25
2020-07-20T09:00:00-03:00,5369,5395,5331,5336.048,175785,268875.25
2020-07-21T09:00:00-03:00,5308,5313,5168,5176.063,357080,272812.25
2020-07-22T09:00:00-03:00,5178,5204.5,5085.5,5104.676,314040,271847.5
2020-07-23T09:00:00-03:00,5140,5228,5126,5190.627,299495,269448.5
2020-07-24T09:00:00-03:00,5219,5254,5161,5192.44,262470,265784.5
2020-07-27T09:00:00-03:00,5192.5,5224.5,5143,5163.707,220060,263265.25
2020-07-28T09:00:00-03:00,5187,5205,5136.5,5140.866,220285,257886.25
2020-07-29T09:00:00-03:00,5144,5184.5,5116,5152.689,250620,256357.75
2020-07-30T09:00:00-03:00,5205,5216.5,5145,5150.644,258490,254351.5
2020-07-31T09:00:00-03:00,5195,5235,5169,5219.142,303565,263157.25
2020-08-03T09:00:00-03:00,5231,5341.5,5217,5325.68,294530,267041.75
2020-08-04T09:00:00-03:00,5344.5,5382.5,5280,5313.749,306070,268343.25
2020-08-05T09:00:00-03:00,5249.5,5325,5238,5303.56,253235,267425.5
2020-08-06T09:00:00-03:00,5360,5377,5326.5,5355.929,227965,261212.5
2020-08-07T09:00:00-03:00,5350,5445,5345,5426.982,238885,263332.5
2020-08-10T09:00:00-03:00,5434.5,5495.5,5357.5,5460.172,259955,264254
2020-08-11T09:00:00-03:00,5445,5467.5,5376.5,5400.714,283050,262065.5
2020-08-12T09:00:00-03:00,5410,5496.5,5404,5461.599,307285,263624.25
2020-08-13T09:00:00-03:00,5420,5427,5353.5,5376.654,310730,266913.5
2020-08-14T09:00:00-03:00,5410,5444.5,5361.5,5431.946,245445,269452
2020-08-17T09:00:00-03:00,5445,5517,5412.5,5513.272,236105,272468
2020-08-18T09:00:00-03:00,5450,5518.5,5423,5477.616,258725,267550.25
2020-08-19T09:00:00-03:00,5452,5563.5,5437,5523.512,237630,263729.75
2020-08-20T09:00:00-03:00,5610,5675,5540.5,5565.649,400645,268787.25
2020-08-21T09:00:00-03:00,5558.5,5634.5,5555.5,5607.54,242315,267779.5
2020-08-24T09:00:00-03:00,5578.5,5617,5561,5597.159,169145,265233.75
2020-08-25T09:00:00-03:00,5585.5,5616.5,5507,5523.798,268815,267660.25
2020-08-26T09:00:00-03:00,5517,5634.5,5512,5618.936,260580,268158.25
2020-08-27T09:00:00-03:00,5608.5,5622.5,5545,5568.821,289270,269697.25
2020-08-28T09:00:00-03:00,5515,5526.5,5386.5,5410.88,269200,267979
2020-08-31T09:00:00-03:00,5414,5500,5406,5473.273,315960,269050.5
2020-09-01T09:00:00-03:00,5454.5,5459.5,5340.5,5383.089,292850,268389.5
2020-09-02T09:00:00-03:00,5421,5436,5346,5370.098,261700,268812.75
2020-09-03T09:00:00-03:00,5370.5,5380,5277.5,5283.213,308755,272852.25
2020-09-04T09:00:00-03:00,5306,5332,5251,5306.603,265710,274193.5
2020-09-08T09:00:00-03:00,5368,5412.5,5319.5,5358.788,253920,273891.75
2020-09-09T09:00:00-03:00,5351,5359.5,5282.5,5292.462,220250,270751.75
2020-09-10T09:00:00-03:00,5304,5336,5272.5,5310.485,303155,270545.25
2020-09-11T09:00:00-03:00,5299,5353.5,5263,5334.205,273160,268666.75
2020-09-14T09:00:00-03:00,5307.5,5326.5,5265.5,5277.135,211690,266979
2020-09-15T09:00:00-03:00,5240.5,5304.5,5223,5282.146,310155,270681.5
2020-09-16T09:00:00-03:00,5255,5276,5213,5235.53,294200,272455.25
2020-09-17T09:00:00-03:00,5270,5294,5228.5,5241.599,278535,274500.5
2020-09-18T09:00:00-03:00,5250,5400,5246,5361.196,307555,269846
2020-09-21T09:00:00-03:00,5455,5498.5,5389.5,5406.548,299935,272727
2020-09-22T09:00:00-03:00,5427,5497,5384,5473.029,359110,282225.25
2020-09-23T09:00:00-03:00,5506,5598.5,5490.5,5573.759,317405,284654.75
2020-09-24T09:00:00-03:00,5594.5,5624,5493,5513.476,331390,288195.25
2020-09-25T09:00:00-03:00,5530,5588,5530,5552.617,294585,288461
2020-09-28T09:00:00-03:00,5515,5675,5512,5630.29,404630,295232.5
2020-09-29T09:00:00-03:00,5638.5,5679,5606,5636.606,401115,299490.25
2020-09-30T09:00:00-03:00,5626,5670,5591,5631.723,415385,305617
2020-10-01T09:00:00-03:00,5580.5,5668.5,5578,5649.027,275920,306328
2020-10-02T09:00:00-03:00,5665.5,5697,5611.5,5660.7,287560,305268.25
2020-10-05T09:00:00-03:00,5654,5681.5,5556,5571.836,279680,305966.75
2020-10-06T09:00:00-03:00,5534,5621.5,5487.5,5605.568,360400,311290.75
2020-10-07T09:00:00-03:00,5566,5644.5,5555,5620.14,339295,317243
2020-10-08T09:00:00-03:00,5590,5651,5582,5601.732,247325,314451.5
2020-10-09T09:00:00-03:00,5580,5587,5515,5536.467,234355,312511.25
2020-10-13T09:00:00-03:00,5527,5629,5524,5581.414,279700,315911.75
2020-10-14T09:00:00-03:00,5581,5608,5538,5598.383,257035,313255.75
2020-10-15T09:00:00-03:00,5643,5651,5591.5,5602.506,233850,310238.25
2020-10-16T09:00:00-03:00,5610,5657,5600.5,5643.531,190710,305847
2020-10-19T09:00:00-03:00,5620.5,5636.5,5569,5596.247,245065,302722.5
2020-10-20T09:00:00-03:00,5606.5,5629,5550,5587.742,315165,303484
2020-10-21T09:00:00-03:00,5600,5630,5573.5,5611.955,257480,298402.5
2020-10-22T09:00:00-03:00,5618,5628,5564.5,5601.146,216375,293351
2020-10-23T09:00:00-03:00,5577.5,5636,5567,5625.236,209160,287239.5
2020-10-26T09:00:00-03:00,5658,5664.5,5612,5626.886,214170,283218.75
2020-10-27T09:00:00-03:00,5609.5,5713.5,5600.5,5675.68,245875,275281
2020-10-28T09:00:00-03:00,5740,5793,5703.5,5736.666,367420,273596.25
2020-10-29T09:00:00-03:00,5785,5792,5745.5,5759.921,281540,266904
2020-10-30T09:00:00-03:00,5781.5,5814,5728,5749.877,326200,269418
2020-11-03T09:00:00-03:00,5702,5771.5,5654,5753.396,236130,266846.5
2020-11-04T09:00:00-03:00,5761,5770.5,5648.5,5661.485,241405,264932.75
2020-11-05T09:00:00-03:00,5616,5635.5,5527,5567.551,290345,261430
2020-11-06T09:00:00-03:00,5520,5579,5362.5,5422.83,350495,261990
2020-11-09T09:00:00-03:00,5275.5,5429.5,5228,5419.848,453245,272286
2020-11-10T09:00:00-03:00,5377,5423,5338.5,5384.896,300915,275614
2020-11-11T09:00:00-03:00,5404.5,5461.5,5378,5417.011,274875,275372.75
2020-11-12T09:00:00-03:00,5399,5494,5356,5459.654,317140,278378
2020-11-13T09:00:00-03:00,5455,5529.5,5450,5480.791,251665,279268.75
2020-11-16T09:00:00-03:00,5430,5461,5368,5438.95,233430,281404.75
2020-11-17T09:00:00-03:00,5390,5425,5325,5366.693,321380,285220.5
2020-11-18T09:00:00-03:00,5341,5375.5,5277,5319.073,298500,284387.25
2020-11-19T09:00:00-03:00,5380,5384,5300,5313.499,225520,282789.25
2020-11-20T09:00:00-03:00,5291.5,5398,5287,5383.021,174925,280716.75
2020-11-23T09:00:00-03:00,5355.5,5451,5340.5,5445.405,231675,281842.5
2020-11-24T09:00:00-03:00,5409.5,5429,5371,5381.64,194295,280848.75
2020-11-25T09:00:00-03:00,5395,5396,5305,5320.506,232185,280164.25
2020-11-26T09:00:00-03:00,5335.5,5358.5,5296.5,5316.462,118725,267729.5
2020-11-27T09:00:00-03:00,5325,5379.5,5320,5330.415,173140,262309.5
2020-11-30T09:00:00-03:00,5302,5398.5,5277,5358.206,355455,263772.25
2020-12-01T09:00:00-03:00,5318,5330.5,5205,5228.14,363550,270143.25
2020-12-02T09:00:00-03:00,5224,5255,5206.5,5246.587,315865,273866.25
2020-12-03T09:00:00-03:00,5221.5,5232,5122,5137.812,348455,276771.75
2020-12-04T09:00:00-03:00,5141.5,5184,5116.5,5127.793,241480,271321
2020-12-07T09:00:00-03:00,5170,5170,5057.5,5084.636,306325,263975
2020-12-08T09:00:00-03:00,5124,5139,5063,5117.158,321175,264988
2020-12-09T09:00:00-03:00,5101,5198.5,5087,5185.439,331750,267831.75
2020-12-10T09:00:00-03:00,5113,5133,5015.5,5048.087,343355,269142.5
2020-12-11T09:00:00-03:00,5045.5,5089,5030,5065.34,319270,272522.75
2020-12-14T09:00:00-03:00,5040,5131,5011,5118.155,243300,273016.25
2020-12-15T09:00:00-03:00,5094,5125,5075.5,5086.286,233060,268600.25
2020-12-16T09:00:00-03:00,5065,5143,5063,5114.582,217035,264527
2020-12-17T09:00:00-03:00,5060,5086,5039,5079.444,236865,265094.25
2020-12-18T09:00:00-03:00,5105,5116,5071.5,5086.696,242925,268494.25
2020-12-21T09:00:00-03:00,5199.5,5224,5112,5117.078,236650,268743
2020-12-22T09:00:00-03:00,5134.5,5172,5109,5160.739,202500,269153.25
2020-12-23T09:00:00-03:00,5145,5220.5,5129,5199.668,243555,269721.75
2020-12-28T09:00:00-03:00,5175,5311.5,5163.5,5261.182,281015,277836.25
2020-12-29T09:00:00-03:00,5226.5,5246,5163,5192.963,253295,281844
2020-12-30T09:00:00-03:00,5196,5237.5,5152.5,5179.7,316895,279916
2021-01-04T09:00:00-03:00,5137.5,5302,5121.5,5250.667,353340,279405.5
2021-01-05T09:00:00-03:00,5289,5358.5,5257.5,5268.022,322620,279743.25
2021-01-06T09:00:00-03:00,5270.5,5363.5,5237,5260.854,384690,281555
2021-01-07T09:00:00-03:00,5352.5,5422.5,5304,5395.825,317945,285378.25
2021-01-08T09:00:00-03:00,5390,5444,5325,5429.458,357190,287921.5
2021-01-11T09:00:00-03:00,5470,5520,5454,5482.527,292600,286492.75
2021-01-12T09:00:00-03:00,5475,5497.5,5316,5359.559,312615,285536
2021-01-13T09:00:00-03:00,5348,5357.5,5273.5,5306.1,303525,283544.5
2021-01-14T09:00:00-03:00,5297.5,5305,5194,5199.107,271920,281177
2021-01-15T09:00:00-03:00,5250,5312,5226.5,5290.456,244455,281234.75
2021-01-18T09:00:00-03:00,5315,5324.5,5238,5292.886,168645,278014
2021-01-19T09:00:00-03:00,5270,5370.5,5243,5349.451,263385,280331.5
2021-01-20T09:00:00-03:00,5346,5357.5,5284.5,5318.778,233340,280155.25
2021-01-21T09:00:00-03:00,5259,5401.5,5233,5366.915,334270,284722.5
2021-01-22T09:00:00-03:00,5396,5489,5395,5466.584,262605,286020.25
2021-01-26T09:00:00-03:00,5472,5480,5314,5347.228,373220,294556.25
2021-01-27T09:00:00-03:00,5374,5420.5,5350.5,5390.087,371510,300954
2021-01-28T09:00:00-03:00,5427.5,5463.5,5391,5436.305,357925,304799.5
2021-01-29T09:00:00-03:00,5424,5509,5421,5480.817,350790,309674.25
2021-02-01T09:00:00-03:00,5441,5488.5,5421.5,5464.259,236475,305653.25
2021-02-02T09:00:00-03:00,5400,5424,5344.5,5359.478,286085,302290.5
2021-02-03T09:00:00-03:00,5367,5397,5323.5,5377.718,264615,299390.25
2021-02-04T09:00:00-03:00,5372,5460.5,5358.5,5447.365,280285,294170
2021-02-05T09:00:00-03:00,5415,5459.5,5346.5,5369.168,278705,292208
2021-02-08T09:00:00-03:00,5403,5423.5,5307.5,5371.611,278400,288268.5
2021-02-09T09:00:00-03:00,5360,5450.5,5356.5,5381.603,330760,290176.5
2021-02-10T09:00:00-03:00,5391,5440,5353,5382.725,275905,288341
2021-02-11T09:00:00-03:00,5370,5414,5336.5,5395.101,269570,286643.25
2021-02-12T09:00:00-03:00,5397,5415,5357,5377.551,238390,284966.75
2021-02-17T09:00:00-03:00,5422,5435.5,5392.5,5419.306,159275,280707.75
2021-02-18T09:00:00-03:00,5390,5455,5388.5,5436.888,266480,285599.5
2021-02-19T09:00:00-03:00,5455,5472,5369.5,5408.845,292610,287060.75
2021-02-22T09:00:00-03:00,5515,5535,5432.5,5440.408,412655,296026.5
2021-02-23T09:00:00-03:00,5450,5484,5409,5439.381,335210,296073.5
2021-02-24T09:00:00-03:00,5419,5443.5,5391,5425.227,293740,297630.25
2021-02-25T09:00:00-03:00,5443,5541,5418.5,5512.629,419510,299944.75
2021-02-26T09:00:00-03:00,5550,5627.5,5497,5591.774,458265,304282.5
2021-03-01T09:00:00-03:00,5597,5648.5,5562,5605.52,279375,300355
2021-03-02T09:00:00-03:00,5650,5741.5,5649.5,5674.787,478150,306723
2021-03-03T09:00:00-03:00,5691.5,5780,5587.5,5755.473,461435,317971
2021-03-04T09:00:00-03:00,5575,5690.5,5550,5659.458,390060,323169.75
2021-03-05T09:00:00-03:00,5687,5733.5,5658,5698.449,283255,324101.75
2021-03-08T09:00:00-03:00,5745,5882,5711,5784.049,315150,325845
2021-03-09T09:00:00-03:00,5840,5880,5774,5799.836,336615,328740.5
2021-03-10T09:00:00-03:00,5798,5819,5650,5684.575,371885,333414.75
2021-03-11T09:00:00-03:00,5620,5626,5532,5547.727,309370,332345.25
2021-03-12T09:00:00-03:00,5570,5593,5550.5,5570.563,229620,330031
2021-03-15T09:00:00-03:00,5552.5,5661,5536,5634.276,303865,331745.75
2021-03-16T09:00:00-03:00,5632,5638.5,5562,5622.844,248350,332243.75
2021-03-17T09:00:00-03:00,5668,5686,5572.5,5589.73,235845,336072.25
2021-03-18T09:00:00-03:00,5501,5584.5,5480,5557.704,326410,339068.75
2021-03-19T09:00:00-03:00,5521.5,5553,5451,5478.872,367850,342830.75
2021-03-22T09:00:00-03:00,5509.5,5549.5,5497,5505.961,235335,333964.75
2021-03-23T09:00:00-03:00,5547.5,5552.5,5464.5,5489.605,291150,331761.75
2021-03-24T09:00:00-03:00,5510,5644,5492.5,5598.48,326680,333408.75
2021-03-25T09:00:00-03:00,5635,5683,5619.5,5673.904,347670,329816.75
2021-03-26T09:00:00-03:00,5665.5,5759,5641,5751.865,284315,321119.25
2021-03-29T09:00:00-03:00,5760,5808,5736.5,5783.246,267865,320543.75
2021-03-30T09:00:00-03:00,5782,5804,5722.5,5746.247,259390,309605.75
2021-03-31T09:00:00-03:00,5775,5777.5,5631,5643.183,418960,307482
2021-04-01T09:00:00-03:00,5633.5,5736.5,5617,5715.602,294910,302724.5
2021-04-05T09:00:00-03:00,5681.5,5692.5,5642.5,5675.285,212195,299171.5
2021-04-06T09:00:00-03:00,5673,5678,5583.5,5607.16,230380,294933
2021-04-07T09:00:00-03:00,5602,5662.5,5557,5642.854,258615,291033
2021-04-08T09:00:00-03:00,5615,5625,5546,5577.295,240095,284443.5
2021-04-09T09:00:00-03:00,5600,5692,5594,5685.338,220385,279994.25
2021-04-12T09:00:00-03:00,5682,5749,5637.5,5739.469,206605,278843.5
2021-04-13T09:00:00-03:00,5735,5762.5,5669,5701.606,274890,277394.75
2021-04-14T09:00:00-03:00,5706.5,5741.5,5652,5697.491,260320,277993.25
2021-04-15T09:00:00-03:00,5656,5665.5,5601,5619.615,277920,280097
2021-04-16T09:00:00-03:00,5623,5682.5,5571.5,5586.239,247000,276126.5
2021-04-19T09:00:00-03:00,5570,5625.5,5531.5,5559.851,270115,271239.75
2021-04-20T09:00:00-03:00,5570,5591.5,5506.5,5564.172,273425,273144.25
2021-04-22T09:00:00-03:00,5560,5563,5441,5470.302,338660,275519.75
2021-04-23T09:00:00-03:00,5450,5526.5,5427,5496.487,303500,274360.75
2021-04-26T09:00:00-03:00,5469,5491.5,5435.5,5459.309,287815,271368
2021-04-27T09:00:00-03:00,5436.5,5468.5,5412,5462.877,296115,271958
2021-04-28T09:00:00-03:00,5455.5,5457,5343.5,5364.206,348505,275990
2021-04-29T09:00:00-03:00,5345.5,5380,5323,5351.17,321225,279081.75
2021-04-30T09:00:00-03:00,5365,5462,5348,5434.249,388400,277553.75
2021-05-03T09:00:00-03:00,5428,5468,5386.5,5420.142,239670,274791.75
2021-05-04T09:00:00-03:00,5478,5496,5424.5,5447.735,248910,276627.5
2021-05-05T09:00:00-03:00,5450,5451.5,5364.5,5371.67,267035,278460.25
2021-05-06T09:00:00-03:00,5351,5386.5,5269,5292.063,322680,281663.5
2021-05-07T09:00:00-03:00,5292,5305,5214,5237.687,306255,284971.5
2021-05-10T09:00:00-03:00,5248,5261.5,5206.5,5250.412,252865,286595.5
2021-05-11T09:00:00-03:00,5244.5,5291,5213,5240.11,273620,289946.25
2021-05-12T09:00:00-03:00,5245,5328,5219.5,5290.559,308380,291620.75
2021-05-13T09:00:00-03:00,5313,5341,5261,5305.053,317110,294460.25
2021-05-14T09:00:00-03:00,5298,5304,5253,5273.943,239960,292562.25
2021-05-17T09:00:00-03:00,5292.5,5327,5252.5,5263.79,222685,291346.5
2021-05-18T09:00:00-03:00,5270,5287,5237.5,5260.146,210700,288375.75
2021-05-19T09:00:00-03:00,5292,5331.5,5265.5,5323.929,275830,288496
2021-05-20T09:00:00-03:00,5314.5,5314.5,5275.5,5284.12,205330,281829.5
2021-05-21T09:00:00-03:00,5290,5375,5275.5,5355.419,246470,278978
2021-05-24T09:00:00-03:00,5373,5379,5314,5324.302,206565,274915.5
2021-05-25T09:00:00-03:00,5306.5,5349.5,5298,5331.004,262505,273235
2021-05-26T09:00:00-03:00,5326,5344,5289,5315.279,253165,268468
2021-05-27T09:00:00-03:00,5307.5,5313.5,5237,5247.003,357825,270298
2021-05-28T09:00:00-03:00,5261,5263.5,5210,5214.89,230680,262412
2021-05-31T09:00:00-03:00,5237.5,5276.5,5212.5,5234.627,210635,260960.25
2021-06-01T09:00:00-03:00,5216,5222,5154,5171.104,349350,265982.25
2021-06-02T09:00:00-03:00,5168.5,5187.5,5080,5091.038,368300,271045.5
2021-06-04T09:00:00-03:00,5138,5138.5,5044.5,5053.3,291300,269476.5
2021-06-07T09:00:00-03:00,5050.5,5081.5,5030.5,5047.344,240625,266195
2021-06-08T09:00:00-03:00,5053,5080,5033,5049.735,247040,265903.75
2021-06-09T09:00:00-03:00,5038,5097,5030,5074.98,281885,266317
2021-06-10T09:00:00-03:00,5071,5102,5042.5,5085.362,267345,264265.25
2021-06-11T09:00:00-03:00,5064.5,5148.5,5064,5124.721,241250,260472.25
2021-06-14T09:00:00-03:00,5116,5121.5,5064.5,5079.952,221885,259568.5
2021-06-15T09:00:00-03:00,5073,5113.5,5047,5051.138,224995,259684
2021-06-16T09:00:00-03:00,5063.5,5090,5001,5072.437,378410,268069.5
2021-06-17T09:00:00-03:00,5060,5083,5013.5,5033.89,294505,269003.25
2021-06-18T09:00:00-03:00,5010,5115,4988.5,5069.176,353365,276405
2021-06-21T09:00:00-03:00,5080,5086.5,5017.5,5024.983,255960,276879.5
2021-06-22T09:00:00-03:00,5017,5050,4960,4989,324680,282785.25
2021-06-23T09:00:00-03:00,4967,4983.5,4940,4974.524,335210,286420.5
2021-06-24T09:00:00-03:00,4971,4971.5,4901,4916.681,314040,289464.25
2021-06-25T09:00:00-03:00,4913.5,4976.5,4896,4960.032,301975,286671.75
2021-06-28T09:00:00-03:00,4950,4974,4919.5,4932.885,217740,286024.75
2021-06-29T09:00:00-03:00,4947,4971.5,4922,4938.668,248740,287930
2021-06-30T09:00:00-03:00,4975,5039.5,4968.5,4999.627,368590,288892
2021-07-01T09:00:00-03:00,4985,5071.5,4962.5,5043.202,323460,286650
2021-07-02T09:00:00-03:00,5055,5088.5,5002,5055.648,295765,286873.25
2021-07-05T09:00:00-03:00,5061.5,5114.5,5060,5097.447,111685,280426.25
2021-07-06T09:00:00-03:00,5100,5231.5,5090,5212.682,329140,284531.25
2021-07-07T09:00:00-03:00,5193,5295,5183.5,5245.249,331700,287022
2021-07-08T09:00:00-03:00,5285,5327,5232,5267.143,323785,289844
2021-07-12T09:00:00-03:00,5270.5,5296.5,5175,5194.247,271475,291355.25
2021-07-13T09:00:00-03:00,5188.5,5233,5159,5180.543,297020,295112
2021-07-14T09:00:00-03:00,5148.5,5167.5,5076.5,5089.198,263030,297013.75
2021-07-15T09:00:00-03:00,5092,5147,5062.5,5141.974,252700,290728.25
2021-07-16T09:00:00-03:00,5113.5,5135,5081,5119.64,222635,287134.75
2021-07-19T09:00:00-03:00,5168.5,5265.5,5159.5,5256.312,294460,284189.5
2021-07-20T09:00:00-03:00,5250,5301,5208.5,5219.998,268455,284814.25
2021-07-21T09:00:00-03:00,5238,5283.5,5187,5208.745,307015,283931
2021-07-22T09:00:00-03:00,5186.5,5229.5,5173.5,5213.265,191090,276725
2021-07-23T09:00:00-03:00,5203.5,5236.5,5163,5225.994,222235,272134.75
2021-07-26T09:00:00-03:00,5192.5,5233.5,5155,5180.077,206575,267364.75
2021-07-27T09:00:00-03:00,5192.5,5209,5151,5183.598,250975,269026.5
2021-07-28T09:00:00-03:00,5171.5,5193.5,5106.5,5123.873,326225,272900.75
2021-07-29T09:00:00-03:00,5099.5,5099.5,5042,5070.174,280420,268492.25
2021-07-30T09:00:00-03:00,5095,5249,5095,5208.811,374940,271066.25
2021-08-02T09:00:00-03:00,5209.5,5239.5,5134,5173.796,301100,271333
2021-08-03T09:00:00-03:00,5183.5,5294.5,5183,5223.894,373525,284425
2021-08-04T09:00:00-03:00,5204,5265,5184,5211.96,277645,281850.25
2021-08-05T09:00:00-03:00,5140,5275.5,5128.5,5234.171,368295,283680
2021-08-06T09:00:00-03:00,5252,5292.5,5222,5258.095,279920,281486.75
2021-08-09T09:00:00-03:00,5246,5315,5230.5,5250.365,276055,281715.75
2021-08-10T09:00:00-03:00,5255,5278,5200.5,5215.144,249500,279339.75
2021-08-11T09:00:00-03:00,5211,5249,5178.5,5233.23,290085,280692.5
2021-08-12T09:00:00-03:00,5236,5274.5,5223,5263.448,261005,281107.75
2021-08-13T09:00:00-03:00,5258,5294,5233,5256.006,252030,282577.5
2021-08-16T09:00:00-03:00,5289,5310.5,5240,5281.545,245785,280143.75
2021-08-17T09:00:00-03:00,5295,5314.5,5246.5,5275.184,336035,283522.75
2021-08-18T09:00:00-03:00,5293,5406.5,5272,5365.772,362695,286306.75
2021-08-19T09:00:00-03:00,5427.5,5464.5,5388.5,5432.076,396525,296578.5
2021-08-20T09:00:00-03:00,5455,5484,5373.5,5396.757,330915,302012.5
2021-08-23T09:00:00-03:00,5373.5,5408.5,5352,5385.387,252065,304287
2021-08-24T09:00:00-03:00,5370,5370.5,5251,5256.521,305740,307025.25
2021-08-25T09:00:00-03:00,5270,5275,5210,5213.748,278420,304635
2021-08-26T09:00:00-03:00,5226,5270.5,5220.5,5259.544,260390,303633.5
2021-08-27T09:00:00-03:00,5257,5263.5,5189.5,5192.218,288580,299315.5
2021-08-30T09:00:00-03:00,5200,5227.5,5183,5186.724,242825,296401.75
2021-08-31T09:00:00-03:00,5204.5,5219.5,5138,5191.739,393760,297413.5
2021-09-01T09:00:00-03:00,5174,5218.5,5162.5,5189.979,275530,297307.75
2021-09-02T09:00:00-03:00,5190.5,5219.5,5161.5,5205.449,301315,293958.75
2021-09-03T09:00:00-03:00,5190.5,5220,5150,5203.585,244360,292180.75
2021-09-06T09:00:00-03:00,5205,5230,5173,5190.806,82825,282519.25
2021-09-08T09:00:00-03:00,5216,5352,5212.5,5323.879,347535,287421
2021-09-09T09:00:00-03:00,5321,5351,5210.5,5315.385,373295,291581.5
2021-09-10T09:00:00-03:00,5184,5287.5,5184,5267.063,266390,291850.75
2021-09-13T09:00:00-03:00,5250,5256.5,5216,5246.164,205755,289537
2021-09-14T09:00:00-03:00,5251,5277.5,5213,5261.295,232395,288867.5
2021-09-15T09:00:00-03:00,5253,5284.5,5227,5257.015,245075,284319.5
2021-09-16T09:00:00-03:00,5250,5291.5,5243.5,5283.237,215285,276949
2021-09-17T09:00:00-03:00,5269,5358,5261.5,5294.569,305005,272373
2021-09-20T09:00:00-03:00,5329,5387,5316.5,5371.621,291670,270410.75
2021-09-21T09:00:00-03:00,5320,5346.5,5271.5,5277.229,269470,271281
2021-09-22T09:00:00-03:00,5265,5326.5,5257,5317.462,312930,271640.5
2021-09-23T09:00:00-03:00,5270,5318,5263,5308.886,243775,269908.25
2021-09-24T09:00:00-03:00,5325.5,5359.5,5322,5343.005,225565,268167
2021-09-27T09:00:00-03:00,5325,5398.5,5311,5386.097,287650,268120.5
2021-09-28T09:00:00-03:00,5406,5454,5390.5,5430.293,369015,274430
2021-09-29T09:00:00-03:00,5424.5,5447,5391.5,5426.933,324510,270967.5
2021-09-30T09:00:00-03:00,5437,5500.5,5392.5,5467.182,479875,281184.75
2021-10-01T09:00:00-03:00,5442.5,5456,5377,5381.275,310445,281641.25
2021-10-04T09:00:00-03:00,5410,5481.5,5395.5,5465.366,232520,281049.25
2021-10-05T09:00:00-03:00,5460,5509.5,5446.5,5487.992,228220,288319
2021-10-06T09:00:00-03:00,5523,5557.5,5496,5501.786,294720,285678.25
2021-10-07T09:00:00-03:00,5490,5548.5,5487.5,5523.407,235905,278808.75
2021-10-08T09:00:00-03:00,5520,5549.5,5493,5524.38,275840,279281.25
2021-10-11T09:00:00-03:00,5512,5561.5,5509,5544.379,145315,276259.25
2021-10-13T09:00:00-03:00,5530.5,5589,5515,5524.847,330455,281162.25
2021-10-14T09:00:00-03:00,5489,5544.5,5483.5,5536.456,250730,281445
2021-10-15T09:00:00-03:00,5495,5519.5,5447,5469.297,261390,283750.25
2021-10-18T09:00:00-03:00,5471.5,5554,5470.5,5516.818,263175,281658.75
2021-10-19T09:00:00-03:00,5557,5622.5,5544.5,5605.942,352560,284703.25
2021-10-20T09:00:00-03:00,5592,5612,5529.5,5546.986,332265,287843
2021-10-21T09:00:00-03:00,5673.5,5699,5629.5,5669.98,402395,292316.25
2021-10-22T09:00:00-03:00,5696.5,5761.5,5628.5,5657.469,419690,301112
2021-10-25T09:00:00-03:00,5655,5666.5,5543,5549.826,269445,303306
2021-10-26T09:00:00-03:00,5553,5611,5552,5573.291,265790,302213
2021-10-27T09:00:00-03:00,5573,5595,5539.5,5565.91,284335,297979
2021-10-28T09:00:00-03:00,5559.5,5665.5,5559,5614.36,342685,298887.75
2021-10-29T09:00:00-03:00,5680,5695,5630,5641.442,354755,292631.75
2021-11-01T09:00:00-03:00,5655,5719,5652,5700.499,179925,286105.75
2021-11-03T09:00:00-03:00,5710.5,5727.5,5574,5614.962,328055,290882.5
2021-11-04T09:00:00-03:00,5583.5,5654,5583.5,5648.521,238930,291418
2021-11-05T09:00:00-03:00,5632,5635,5527.5,5539.365,259535,289658.75
2021-11-08T09:00:00-03:00,5582,5621,5559.5,5575.659,186205,287173.75
2021-11-09T09:00:00-03:00,5570,5570,5476,5495.84,246500,285706.75
2021-11-10T09:00:00-03:00,5527,5528,5454.5,5511.224,287860,292834
2021-11-11T09:00:00-03:00,5457.5,5508.5,5406.5,5422.09,220415,287332
2021-11-12T09:00:00-03:00,5419.5,5485,5411,5473.761,262245,287907.75
2021-11-16T09:00:00-03:00,5460,5524,5444.5,5511.971,241815,286929
2021-11-17T09:00:00-03:00,5502,5549,5479,5542.664,213250,284432.75
2021-11-18T09:00:00-03:00,5538.5,5589.5,5537,5583.353,203670,276988.25
2021-11-19T09:00:00-03:00,5580,5625,5531.5,5615.663,234095,272079.75
2021-11-22T09:00:00-03:00,5614,5622.5,5572.5,5614.805,182430,261081.5
2021-11-23T09:00:00-03:00,5614.5,5669,5573,5616.327,223645,251279.25
2021-11-24T09:00:00-03:00,5583,5627.5,5560,5593.807,198695,247741.75
2021-11-25T09:00:00-03:00,5595.5,5603,5553,5580.721,113925,240148.5
2021-11-26T09:00:00-03:00,5677.5,5677.5,5575.5,5588.306,287645,240314
2021-11-29T09:00:00-03:00,5597.5,5641,5581.5,5608.009,267640,236561.75
2021-11-30T09:00:00-03:00,5642.5,5707,5615.5,5678.288,379000,237774
2021-12-01T09:00:00-03:00,5617,5732,5612,5700.672,232035,240379.5
2021-12-02T09:00:00-03:00,5698,5714.5,5648,5685.293,223690,235161.25
2021-12-03T09:00:00-03:00,5682,5718.5,5633,5685.73,233710,234900.25
2021-12-06T09:00:00-03:00,5670,5733.5,5667.5,5725.653,177770,230812
2021-12-07T09:00:00-03:00,5693,5703.5,5638.5,5657.155,205310,231767.25
2021-12-08T09:00:00-03:00,5635,5665,5553.5,5567.262,244370,231660.75
2021-12-09T09:00:00-03:00,5557.5,5625.5,5544,5614.445,198160,227175.75
2021-12-10T09:00:00-03:00,5587.5,5660,5584.5,5642.197,220690,227189.5
2021-12-13T09:00:00-03:00,5627.5,5705.5,5625,5687.007,249255,226540
2021-12-14T09:00:00-03:00,5692,5719.5,5640,5717.077,239485,226423.5
2021-12-15T09:00:00-03:00,5705,5755,5679.5,5741.601,284195,229970.75
2021-12-16T09:00:00-03:00,5691.5,5743,5676.5,5686.44,245265,232050.5
2021-12-17T09:00:00-03:00,5701,5732,5676.5,5696.494,259595,233325.5
2021-12-20T09:00:00-03:00,5725,5759.5,5702.5,5745.822,224155,235411.75
2021-12-21T09:00:00-03:00,5735,5769,5722.5,5753.083,184025,233430.75
2021-12-22T09:00:00-03:00,5745,5752.5,5656,5681.024,187225,232857.25
2021-12-23T09:00:00-03:00,5669.5,5726,5636,5670.258,249310,239626.5
2021-12-27T09:00:00-03:00,5675,5711,5625,5640.748,184025,234445.5
2021-12-28T09:00:00-03:00,5623,5664.5,5621.5,5636.839,167045,229415.75
2021-12-29T09:00:00-03:00,5635.5,5710.5,5624.5,5693.369,171285,219030
2021-12-30T09:00:00-03:00,5735,5742,5587,5616.924,309395,222898
2022-01-03T09:00:00-03:00,5611.5,5728.5,5595.5,5698.933,242510,223839
2022-01-04T09:00:00-03:00,5701.5,5746.5,5673,5723.903,222850,223296
2022-01-05T09:00:00-03:00,5715,5757,5675.5,5716.5,221955,225505.25
2022-01-06T09:00:00-03:00,5725,5757.5,5702,5718.86,195985,225039
2022-01-07T09:00:00-03:00,5711.5,5740,5649,5663.566,198590,222750
2022-01-10T09:00:00-03:00,5673,5720,5658,5706.75,164325,221058.25
2022-01-11T09:00:00-03:00,5682,5701,5589.5,5614.198,249990,222523.25
2022-01-12T09:00:00-03:00,5600,5624.5,5543.5,5558.633,246330,222377
2022-01-13T09:00:00-03:00,5574,5576.5,5521,5537.572,231060,221955.75
2022-01-14T09:00:00-03:00,5549,5572,5526.5,5547.729,202815,217886.75
2022-01-17T09:00:00-03:00,5553,5561,5513,5540.24,116725,211459.75
2022-01-18T09:00:00-03:00,5555,5599,5521,5590.843,232915,210125.75
2022-01-19T09:00:00-03:00,5564.5,5567,5451.5,5482.361,257800,211808
2022-01-20T09:00:00-03:00,5453.5,5474,5390.5,5402.277,270180,216115.75
2022-01-21T09:00:00-03:00,5449.5,5485.5,5413.5,5463.613,273585,220433.75
2022-01-24T09:00:00-03:00,5490.5,5533.5,5476.5,5508.925,241695,220053
2022-01-25T09:00:00-03:00,5510,5528.5,5435,5452.523,220360,221869.75
2022-01-26T09:00:00-03:00,5433,5472,5397.5,5411.076,285105,227772.75
2022-01-27T09:00:00-03:00,5433,5438.5,5356.5,5433.5,337855,236101.25
2022-01-28T09:00:00-03:00,5431,5434.5,5367,5390.641,240385,232650.75
2022-01-31T09:00:00-03:00,5407,5436,5322.5,5345.28,332450,237147.75
2022-02-01T09:00:00-03:00,5332,5355,5300.5,5311.055,251830,238596.75
2022-02-02T09:00:00-03:00,5300,5350,5290.5,5319.057,256440,240321
2022-02-03T09:00:00-03:00,5308.5,5355.5,5304,5330.386,247535,242898.5
2022-02-04T09:00:00-03:00,5330.5,5381.5,5311,5356.885,246345,245286.25
2022-02-07T09:00:00-03:00,5340.5,5352,5278,5296.617,179125,246026.25
2022-02-08T09:00:00-03:00,5290,5316,5278,5293.387,184980,242775.75
2022-02-09T09:00:00-03:00,5275,5315,5238,5242.735,255755,243247
2022-02-10T09:00:00-03:00,5258.5,5277.5,5195.5,5258.408,333650,248376.5
2022-02-11T09:00:00-03:00,5250,5286,5201,5252.528,280665,252269
2022-02-14T09:00:00-03:00,5271,5284.5,5213.5,5237.178,236115,258238.5
2022-02-15T09:00:00-03:00,5209,5233.5,5174,5196.963,226285,257907
2022-02-16T09:00:00-03:00,5171,5192,5137,5156.808,295170,259775.5
2022-02-17T09:00:00-03:00,5163,5193.5,5138,5181.679,227645,257648.75
2022-02-18T09:00:00-03:00,5176,5178.5,5117,5145.371,243960,256167.5
2022-02-21T09:00:00-03:00,5142.5,5162.5,5082,5104.68,201050,254135.25
2022-02-22T09:00:00-03:00,5102,5102.5,5050,5071.57,308465,258540.5
2022-02-23T09:00:00-03:00,5051,5055,4997.5,5002.302,326900,260630.25
2022-02-24T09:00:00-03:00,5061.5,5166.5,5037,5137.735,432955,265385.25
2022-02-25T09:00:00-03:00,5164.5,5225.5,5124.5,5209.065,402270,273479.5
2022-03-02T09:00:00-03:00,5266,5267.5,5125.5,5162.012,232615,268487.75
2022-03-03T09:00:00-03:00,5147,5157,5061,5064.021,324370,272114.75
2022-03-04T09:00:00-03:00,5089,5139,5064.5,5114.852,291345,273860
2022-03-07T09:00:00-03:00,5112.5,5152,5066.5,5123.653,298105,276388.5
2022-03-08T09:00:00-03:00,5118,5135,5079.5,5102.002,347785,281460.5
2022-03-09T09:00:00-03:00,5060,5068.5,5017.5,5038.628,296475,287328
2022-03-10T09:00:00-03:00,5060,5107,5041.5,5048.185,259390,291048.5
2022-03-11T09:00:00-03:00,5024,5111,5013,5082.291,227250,289623.25
2022-03-14T09:00:00-03:00,5085,5166,5064,5160.135,265100,286195.75
