"Data","Último","Abertura","Máxima","Mínima","Vol.","Var%"
"14.03.2022","110.828","112.615","113.290","110.500","183,87K","-1,56%"
"11.03.2022","112.588","115.815","115.825","112.145","163,08K","-1,67%"
"10.03.2022","114.495","114.175","114.650","112.765","148,02K","-0,34%"
"09.03.2022","114.889","113.485","115.120","112.670","163,99K","2,38%"
"08.03.2022","112.219","112.855","113.645","111.990","189,52K","0,11%"
"07.03.2022","112.100","115.150","115.670","111.850","167,26K","-3,10%"
"04.03.2022","115.691","115.770","116.185","114.550","157,79K","-0,70%"
"03.03.2022","116.509","116.595","117.135","116.200","109,38K","0,13%"
"02.03.2022","116.352","115.390","116.670","115.140","105,59K","1,80%"
"25.02.2022","114.300","112.580","114.480","111.755","171,44K","1,40%"
"24.02.2022","112.718","110.625","112.865","110.080","274,52K","-0,29%"
"23.02.2022","113.049","114.715","115.105","112.935","180,79K","-1,24%"
"22.02.2022","114.465","113.650","114.800","113.590","167,02K","1,18%"
"21.02.2022","113.131","114.435","114.850","112.970","100,66K","-1,02%"
"18.02.2022","114.299","115.375","115.825","114.070","141,66K","-0,62%"
"17.02.2022","115.015","116.350","116.625","114.820","133,94K","-0,30%"
"16.02.2022","115.364","114.880","115.690","114.760","24,52K","0,42%"
"15.02.2022","114.878","114.600","115.190","113.985","109,57K","0,85%"
"14.02.2022","113.915","113.100","114.300","112.880","160,35K","0,29%"
"11.02.2022","113.582","113.300","114.990","113.105","216,61K","0,12%"
"10.02.2022","113.447","112.600","113.975","112.250","166,20K","0,78%"
"09.02.2022","112.571","112.890","113.370","111.885","161,25K","0,14%"
"08.02.2022","112.410","112.075","112.765","111.060","125,51K","0,16%"
"07.02.2022","112.225","112.385","112.645","111.645","117,04K","-0,16%"
"04.02.2022","112.401","111.995","112.700","110.535","159,49K","0,32%"
"03.02.2022","112.043","111.500","112.760","111.495","164,03K","-0,09%"
"02.02.2022","112.144","114.150","114.300","111.775","149,44K","-1,34%"
"01.02.2022","113.669","112.795","113.800","112.405","128,65K","0,88%"
"31.01.2022","112.681","112.790","113.035","111.575","138,03K","0,34%"
"28.01.2022","112.298","112.340","113.500","111.890","171,33K","-0,63%"
"27.01.2022","113.005","112.360","113.595","112.165","200,96K","0,98%"
"26.01.2022","111.903","111.625","113.265","111.390","251,57K","0,92%"
"25.01.2022","110.884","108.400","111.330","107.625","235,80K","2,11%"
"24.01.2022","108.596","108.925","109.350","107.125","249,72K","-0,77%"
"21.01.2022","109.442","109.445","110.430","108.895","190,19K","-0,26%"
"20.01.2022","109.729","109.505","110.510","108.795","177,37K","0,92%"
"19.01.2022","108.728","107.570","109.320","107.570","157,27K","1,22%"
"18.01.2022","107.418","106.275","107.745","106.230","164,09K","0,27%"
"17.01.2022","107.130","107.695","107.850","106.715","73,21K","-0,54%"
"14.01.2022","107.708","105.990","107.965","105.700","145,70K","1,40%"
"13.01.2022","106.218","106.190","107.010","105.650","164,56K","-0,20%"
"12.01.2022","106.435","104.810","106.700","104.370","152,94K","1,77%"
"11.01.2022","104.581","103.300","104.875","102.575","146,63K","1,76%"
"10.01.2022","102.775","102.995","103.400","101.795","143,51K","-0,54%"
"07.01.2022","103.333","102.480","103.675","101.865","158,79K","0,96%"
"06.01.2022","102.349","102.000","103.175","101.655","166,70K","0,50%"
"05.01.2022","101.839","104.605","104.685","101.660","198,25K","-2,45%"
"04.01.2022","104.400","105.265","105.765","104.040","164,31K","-0,47%"
"03.01.2022","104.889","106.355","107.240","104.350","148,46K","-0,88%"
"30.12.2021","105.815","105.150","106.485","105.150","93,25K","0,59%"
"29.12.2021","105.195","106.100","106.435","104.920","81,46K","-0,72%"
"28.12.2021","105.960","107.050","107.155","105.620","112,75K","-0,64%"
"27.12.2021","106.645","106.045","106.960","105.945","96,00K","0,56%"
"23.12.2021","106.047","107.005","107.255","105.655","106,05K","-0,46%"
"22.12.2021","106.541","106.605","107.060","105.640","118,57K","-0,21%"
"21.12.2021","106.768","107.385","107.570","106.320","141,91K","0,36%"
"20.12.2021","106.381","107.130","107.400","105.690","156,17K","-2,01%"
"17.12.2021","108.561","109.400","109.470","107.915","143,97K","-1,16%"
"16.12.2021","109.835","109.700","110.520","109.145","160,16K","2,66%"
"15.12.2021","106.991","106.855","107.315","105.645","33,96K","0,27%"
"14.12.2021","106.698","107.400","109.255","106.425","206,35K","-0,75%"
"13.12.2021","107.502","108.505","109.620","107.320","169,03K","-0,35%"
"10.12.2021","107.884","107.010","108.460","107.010","149,25K","1,51%"
"09.12.2021","106.283","107.400","107.675","105.955","152,41K","-1,90%"
"08.12.2021","108.345","108.450","108.790","107.485","169,99K","0,47%"
"07.12.2021","107.843","108.525","108.990","107.315","169,01K","0,59%"
"06.12.2021","107.215","105.900","107.850","105.800","170,88K","1,66%"
"03.12.2021","105.460","104.475","107.120","103.970","261,84K","0,89%"
"02.12.2021","104.531","101.535","104.750","101.215","261,00K","3,49%"
"01.12.2021","101.002","103.300","104.435","100.790","234,51K","-1,24%"
"30.11.2021","102.268","102.400","103.385","100.390","271,72K","-0,86%"
"29.11.2021","103.158","103.650","104.505","102.900","162,99K","0,59%"
"26.11.2021","102.556","103.690","103.840","101.775","209,12K","-3,49%"
"25.11.2021","106.264","104.845","106.865","104.780","131,32K","1,30%"
"24.11.2021","104.899","103.900","105.540","102.810","204,18K","0,80%"
"23.11.2021","104.066","102.880","104.560","102.150","248,83K","1,40%"
"22.11.2021","102.627","104.150","105.125","102.395","208,37K","-0,90%"
"19.11.2021","103.558","102.850","104.495","102.645","198,80K","0,56%"
"18.11.2021","102.978","103.900","104.305","102.515","211,75K","-0,53%"
"17.11.2021","103.522","104.885","106.160","102.925","281,44K","-1,34%"
"16.11.2021","104.930","107.230","107.640","104.625","219,59K","-1,79%"
"12.11.2021","106.841","108.500","108.655","106.325","220,49K","-1,29%"
"11.11.2021","108.236","107.640","109.320","107.485","194,48K","1,55%"
"10.11.2021","106.583","105.515","108.065","105.245","256,32K","0,39%"
"09.11.2021","106.166","105.730","107.405","105.465","219,23K","0,70%"
"08.11.2021","105.429","104.845","106.470","104.350","206,68K","-0,07%"
"05.11.2021","105.498","104.485","106.380","104.235","223,09K","1,25%"
"04.11.2021","104.195","107.135","107.275","103.535","272,96K","-2,27%"
"03.11.2021","106.612","105.195","107.635","104.840","334,99K","0,22%"
"01.11.2021","106.383","105.500","106.920","105.075","216,04K","1,94%"
"29.10.2021","104.357","105.985","107.095","104.115","284,94K","-1,75%"
"28.10.2021","106.219","107.800","108.185","104.850","337,51K","-1,05%"
"27.10.2021","107.346","107.200","109.165","106.895","238,40K","0,14%"
"26.10.2021","107.197","109.700","109.975","107.040","292,31K","-2,22%"
"25.10.2021","109.627","107.800","110.355","107.265","301,50K","2,34%"
"22.10.2021","107.117","108.000","108.855","103.675","500,72K","-1,42%"
"21.10.2021","108.661","108.510","110.455","106.610","375,46K","-2,52%"
"20.10.2021","111.466","112.395","113.130","109.995","339,85K","-0,26%"
"19.10.2021","111.762","114.000","114.705","110.895","412,19K","-3,19%"
"18.10.2021","115.445","114.880","116.050","113.755","223,62K","-0,17%"
"15.10.2021","115.637","114.900","115.960","114.105","185,07K","1,13%"
"14.10.2021","114.340","115.210","115.510","113.755","198,23K","0,50%"
"13.10.2021","113.774","112.255","114.250","112.050","36,82K","1,54%"
"11.10.2021","112.052","113.200","113.955","112.005","169,28K","-0,81%"
"08.10.2021","112.962","111.450","114.470","111.245","291,07K","2,13%"
"07.10.2021","110.607","111.730","111.730","110.480","221,52K","0,08%"
"06.10.2021","110.514","109.205","110.800","108.130","308,23K","0,09%"
"05.10.2021","110.419","111.020","111.810","110.065","224,26K","0,05%"
"04.10.2021","110.360","112.305","112.420","109.950","259,10K","-2,19%"
"01.10.2021","112.832","111.100","113.160","110.935","218,67K","1,86%"
"30.09.2021","110.773","111.735","112.510","110.465","258,65K","-0,42%"
"29.09.2021","111.240","110.645","112.195","110.500","235,09K","0,89%"
"28.09.2021","110.256","112.500","113.355","109.925","284,73K","-3,00%"
"27.09.2021","113.665","114.080","115.100","112.355","239,30K","0,13%"
"24.09.2021","113.520","113.125","113.820","112.645","185,14K","-0,61%"
"23.09.2021","114.221","112.845","114.640","112.670","236,02K","1,59%"
"22.09.2021","112.435","111.625","113.800","111.625","271,67K","1,83%"
"21.09.2021","110.419","110.500","111.190","109.180","306,46K","1,22%"
"20.09.2021","109.090","109.100","110.190","107.805","305,61K","-2,33%"
"17.09.2021","111.697","113.805","114.150","111.250","318,53K","-2,17%"
"16.09.2021","114.173","114.260","115.130","113.715","201,88K","-1,17%"
"15.09.2021","115.528","116.610","116.980","115.105","214,53K","-0,84%"
"14.09.2021","116.505","116.305","117.730","115.985","257,55K","-0,31%"
"13.09.2021","116.871","115.535","117.555","115.510","247,28K","1,93%"
"10.09.2021","114.660","117.100","118.200","114.410","289,91K","-1,06%"
"09.09.2021","115.891","114.600","117.235","112.820","378,95K","1,88%"
"08.09.2021","113.749","117.120","117.965","113.570","347,27K","-3,88%"
"06.09.2021","118.336","117.195","118.575","116.535","107,71K","0,97%"
"03.09.2021","117.198","117.745","118.340","116.090","207,76K","0,07%"
"02.09.2021","117.112","119.600","119.740","116.905","268,65K","-2,28%"
"01.09.2021","119.840","119.375","120.610","118.625","228,62K","0,70%"
"31.08.2021","119.011","120.005","120.795","118.420","227,35K","-1,06%"
"30.08.2021","120.280","121.010","121.040","119.900","145,52K","-0,88%"
"27.08.2021","121.345","119.950","121.390","119.665","158,64K","1,76%"
"26.08.2021","119.243","121.020","121.555","119.030","212,07K","-1,82%"
"25.08.2021","121.453","121.150","121.585","119.855","170,28K","0,53%"
"24.08.2021","120.815","118.840","121.250","118.840","218,50K","2,29%"
"23.08.2021","118.116","119.300","119.605","117.745","176,08K","-0,54%"
"20.08.2021","118.758","117.130","119.155","116.430","195,12K","0,68%"
"19.08.2021","117.958","115.120","118.415","114.835","267,95K","0,01%"
"18.08.2021","117.945","117.570","118.650","116.475","40,00K","0,23%"
"17.08.2021","117.676","119.205","119.255","116.235","266,53K","-1,26%"
"16.08.2021","119.182","120.500","120.760","118.705","223,05K","-1,66%"
"13.08.2021","121.199","120.900","121.325","119.925","184,78K","0,51%"
"12.08.2021","120.580","122.350","122.410","120.355","211,34K","-1,25%"
"11.08.2021","122.107","122.700","122.900","120.830","193,35K","-0,21%"
"10.08.2021","122.359","123.350","123.660","122.160","173,23K","-0,53%"
"09.08.2021","123.016","122.500","123.780","122.155","159,50K","0,10%"
"06.08.2021","122.898","121.465","123.465","121.100","187,25K","0,95%"
"05.08.2021","121.738","123.235","123.815","120.825","212,05K","-0,16%"
"04.08.2021","121.928","123.120","123.775","121.120","314,14K","-1,40%"
"03.08.2021","123.656","123.120","124.020","120.920","309,48K","0,89%"
"02.08.2021","122.571","123.200","124.805","121.990","260,15K","0,53%"
"30.07.2021","121.923","124.825","125.240","121.800","258,78K","-3,12%"
"29.07.2021","125.849","126.340","127.135","125.135","184,38K","-0,59%"
"28.07.2021","126.596","125.215","127.055","125.215","241,99K","1,39%"
"27.07.2021","124.861","125.900","125.955","123.940","220,08K","-1,10%"
"26.07.2021","126.253","125.095","126.575","125.060","156,91K","0,73%"
"23.07.2021","125.337","126.740","126.940","124.695","193,56K","-1,02%"
"22.07.2021","126.635","126.500","126.815","125.695","174,70K","0,24%"
"21.07.2021","126.331","125.680","126.505","125.540","166,61K","0,46%"
"20.07.2021","125.749","125.550","126.055","123.910","256,66K","0,80%"
"19.07.2021","124.754","124.785","125.180","123.665","288,50K","-1,30%"
"16.07.2021","126.396","128.300","128.525","126.165","216,58K","-1,24%"
"15.07.2021","127.988","128.505","129.480","127.295","187,07K","-0,75%"
"14.07.2021","128.950","128.900","130.135","128.530","191,54K","0,25%"
"13.07.2021","128.634","128.180","128.980","126.820","261,33K","0,41%"
"12.07.2021","128.112","126.500","128.500","126.170","247,70K","1,85%"
"08.07.2021","125.782","125.600","126.435","124.730","224,58K","-1,40%"
"07.07.2021","127.565","125.895","127.740","125.685","219,79K","1,63%"
"06.07.2021","125.525","127.575","127.615","125.315","242,67K","-1,51%"
"05.07.2021","127.449","128.000","128.230","127.015","129,46K","-0,62%"
"02.07.2021","128.247","126.135","128.415","126.000","180,80K","1,56%"
"01.07.2021","126.283","127.525","127.730","125.500","207,83K","-0,76%"
"30.06.2021","127.254","127.400","127.830","126.750","191,04K","-0,50%"
"29.06.2021","127.894","127.970","128.095","126.765","154,92K","-0,16%"
"28.06.2021","128.096","127.970","128.755","126.945","194,26K","0,18%"
"25.06.2021","127.861","130.320","130.445","127.245","211,26K","-1,80%"
"24.06.2021","130.211","129.700","130.315","129.505","150,85K","0,83%"
"23.06.2021","129.144","129.735","130.645","128.840","162,04K","-0,27%"
"22.06.2021","129.497","129.890","129.905","128.485","186,63K","-0,34%"
"21.06.2021","129.937","129.000","130.220","128.760","167,48K","0,78%"
"18.06.2021","128.927","129.500","129.590","128.245","193,40K","0,11%"
"17.06.2021","128.790","129.850","130.740","128.325","229,08K","-0,56%"
"16.06.2021","129.516","130.000","130.230","129.025","27,62K","-0,43%"
"15.06.2021","130.076","130.335","130.335","129.240","175,01K","-0,11%"
"14.06.2021","130.220","129.700","131.145","129.655","149,60K","0,66%"
"11.06.2021","129.370","130.285","130.320","128.655","157,35K","-0,60%"
"10.06.2021","130.148","129.690","130.655","129.500","178,31K","0,13%"
"09.06.2021","129.973","130.030","130.955","129.375","179,40K","0,12%"
"08.06.2021","129.811","130.510","130.890","129.325","149,98K","-0,77%"
"07.06.2021","130.814","130.040","131.360","129.565","149,44K","0,51%"
"04.06.2021","130.152","129.100","130.500","129.100","111,62K","0,47%"
"02.06.2021","129.541","128.300","129.665","128.055","150,70K","0,86%"
"01.06.2021","128.434","126.585","128.625","126.390","165,31K","1,73%"
"31.05.2021","126.255","125.440","126.330","125.400","79,84K","0,46%"
"28.05.2021","125.674","124.850","125.880","124.350","117,97K","0,96%"
"27.05.2021","124.476","124.045","124.735","123.630","133,07K","0,23%"
"26.05.2021","124.196","123.600","124.500","123.525","102,96K","0,81%"
"25.05.2021","123.202","124.100","124.920","122.895","147,21K","-0,84%"
"24.05.2021","124.243","122.910","124.435","122.710","141,29K","1,18%"
"21.05.2021","122.798","123.165","123.255","121.920","107,38K","-0,04%"
"20.05.2021","122.845","123.020","123.225","122.300","135,19K","-0,06%"
"19.05.2021","122.919","121.900","123.530","121.700","176,26K","-0,13%"
"18.05.2021","123.082","123.500","123.830","122.715","155,70K","-0,11%"
"17.05.2021","123.212","121.445","123.370","121.345","139,65K","0,90%"
"14.05.2021","122.119","121.685","122.470","121.185","151,99K","1,02%"
"13.05.2021","120.883","120.050","121.715","119.845","190,73K","0,86%"
"12.05.2021","119.858","122.800","122.845","119.650","240,83K","-2,66%"
"11.05.2021","123.132","121.275","123.270","120.475","216,59K","0,79%"
"10.05.2021","122.170","122.400","123.060","122.045","198,48K","-0,17%"
"07.05.2021","122.378","120.600","122.680","120.385","177,67K","1,83%"
"06.05.2021","120.176","120.000","120.410","119.300","169,69K","0,16%"
"05.05.2021","119.979","118.730","120.210","118.465","232,62K","1,71%"
"04.05.2021","117.966","119.245","119.700","117.920","210,47K","-1,29%"
"03.05.2021","119.508","119.840","120.335","118.820","162,23K","0,16%"
"30.04.2021","119.317","120.075","120.540","118.910","174,71K","-0,82%"
"29.04.2021","120.307","121.865","122.035","120.090","152,34K","-0,91%"
"28.04.2021","121.416","119.600","121.985","119.555","137,87K","1,36%"
"27.04.2021","119.788","121.305","121.540","119.180","175,96K","-1,07%"
"26.04.2021","121.078","121.615","121.750","120.155","111,24K","0,13%"
"23.04.2021","120.924","120.605","121.305","120.300","122,52K","0,92%"
"22.04.2021","119.824","120.685","121.455","119.620","162,81K","-0,51%"
"20.04.2021","120.442","121.000","121.790","120.265","130,75K","-0,75%"
"19.04.2021","121.357","121.635","122.465","121.015","140,34K","-0,15%"
"16.04.2021","121.537","121.205","121.855","120.620","125,06K","0,39%"
"15.04.2021","121.068","120.960","121.870","120.540","164,61K","0,49%"
"14.04.2021","120.474","119.925","120.900","119.060","30,24K","1,06%"
"13.04.2021","119.209","118.150","119.565","117.880","135,37K","0,31%"
"12.04.2021","118.842","117.765","118.940","117.725","122,56K","1,01%"
"09.04.2021","117.654","117.995","118.695","117.205","142,10K","-0,56%"
"08.04.2021","118.322","118.335","119.010","117.380","145,19K","0,64%"
"07.04.2021","117.565","117.650","118.400","116.690","177,40K","0,01%"
"06.04.2021","117.550","117.300","118.255","117.095","128,98K","-0,06%"
"05.04.2021","117.624","115.710","117.815","115.545","148,77K","2,20%"
"01.04.2021","115.091","117.125","117.515","114.675","173,97K","-1,25%"
"31.03.2021","116.549","116.845","117.350","115.915","118,10K","-0,35%"
"30.03.2021","116.958","115.360","117.190","114.670","169,68K","1,39%"
"29.03.2021","115.351","114.300","115.780","113.770","162,43K","0,46%"
"26.03.2021","114.825","113.660","115.535","113.165","185,91K","0,94%"
"25.03.2021","113.759","111.405","114.125","110.850","198,32K","1,65%"
"24.03.2021","111.914","113.535","114.930","111.650","189,91K","-1,28%"
"23.03.2021","113.366","114.595","115.715","113.040","175,03K","-1,42%"
"22.03.2021","115.002","116.100","116.130","113.645","153,68K","-0,97%"
"19.03.2021","116.123","115.325","116.600","114.715","160,21K","1,05%"
"18.03.2021","114.919","116.300","117.510","114.390","170,71K","-1,45%"
"17.03.2021","116.604","113.550","116.935","113.135","163,08K","2,26%"
"16.03.2021","114.032","115.270","115.270","113.395","125,25K","-0,89%"
"15.03.2021","115.055","114.350","115.230","113.515","115,00K","0,74%"
"12.03.2021","114.205","113.980","114.550","113.300","112,26K","-0,71%"
"11.03.2021","115.026","114.100","115.270","113.340","171,09K","1,94%"
"10.03.2021","112.837","111.250","113.205","109.945","247,06K","1,41%"
"09.03.2021","111.268","110.500","112.890","109.415","271,50K","0,55%"
"08.03.2021","110.663","114.500","114.695","109.000","339,53K","-4,00%"
"05.03.2021","115.277","113.600","115.630","112.435","219,62K","2,33%"
"04.03.2021","112.651","111.545","114.695","111.435","352,96K","1,19%"
"03.03.2021","111.329","112.730","112.780","107.545","333,01K","-0,23%"
"02.03.2021","111.586","109.910","112.625","107.300","346,77K","1,20%"
"01.03.2021","110.262","111.300","112.660","110.070","193,67K","0,11%"
"26.02.2021","110.136","112.000","113.640","109.785","249,59K","-1,90%"
"25.02.2021","112.264","116.035","116.725","111.795","204,94K","-3,06%"
"24.02.2021","115.805","115.355","116.370","114.750","141,40K","0,40%"
"23.02.2021","115.339","113.115","115.745","112.800","183,99K","2,33%"
"22.02.2021","112.709","113.100","114.605","111.725","249,05K","-4,98%"
"19.02.2021","118.613","118.545","119.415","117.965","146,64K","-0,56%"
"18.02.2021","119.285","120.500","121.050","118.615","177,30K","-0,92%"
"17.02.2021","120.395","119.685","120.500","118.735","20,73K","0,85%"
"12.02.2021","119.380","118.995","119.765","118.035","117,93K","0,13%"
"11.02.2021","119.223","118.500","120.320","118.435","143,63K","0,75%"
"10.02.2021","118.340","119.800","119.825","117.835","155,45K","-0,86%"
"09.02.2021","119.369","119.665","119.980","118.175","127,00K","-0,31%"
"08.02.2021","119.743","120.650","120.880","119.055","134,43K","-0,38%"
"05.02.2021","120.200","119.560","121.200","119.375","127,51K","0,82%"
"04.02.2021","119.218","120.105","120.675","118.825","127,24K","-0,44%"
"03.02.2021","119.748","118.995","120.375","118.555","152,98K","1,22%"
"02.02.2021","118.307","118.295","119.900","117.720","199,04K","0,79%"
"01.02.2021","117.385","116.400","117.985","115.675","184,32K","2,02%"
"29.01.2021","115.056","118.765","118.765","114.710","234,79K","-3,31%"
"28.01.2021","118.994","115.510","119.470","115.465","184,94K","2,73%"
"27.01.2021","115.831","115.735","117.860","114.830","235,02K","-0,36%"
"26.01.2021","116.250","116.655","119.185","116.000","178,96K","-1,02%"
"22.01.2021","117.450","116.910","117.940","116.075","139,39K","-0,82%"
"21.01.2021","118.416","120.035","120.315","117.750","158,68K","-1,08%"
"20.01.2021","119.707","120.625","121.510","118.680","134,96K","-0,76%"
"19.01.2021","120.626","122.300","122.435","119.250","163,90K","-0,53%"
"18.01.2021","121.263","120.720","122.825","119.975","143,26K","0,76%"
"15.01.2021","120.353","122.650","122.720","120.095","152,89K","-2,54%"
"14.01.2021","123.488","122.775","124.040","122.340","119,05K","1,25%"
"13.01.2021","121.959","123.985","124.385","121.015","237,23K","-1,91%"
"12.01.2021","124.336","123.805","124.715","123.240","113,43K","0,99%"
"11.01.2021","123.120","124.600","124.910","122.465","164,15K","-1,60%"
"08.01.2021","125.127","123.050","125.475","122.370","190,05K","1,99%"
"07.01.2021","122.684","119.405","123.450","119.235","176,66K","2,94%"
"06.01.2021","119.180","119.195","121.075","118.900","182,04K","-0,18%"
"05.01.2021","119.393","119.000","119.955","116.770","179,66K","0,45%"
"04.01.2021","118.859","120.320","120.575","118.140","162,34K","-0,31%"
"30.12.2020","119.230","120.000","120.375","119.000","113,84K","-0,33%"
"29.12.2020","119.625","119.700","120.040","118.870","103,19K","0,28%"
"28.12.2020","119.292","118.575","119.605","118.335","93,58K","1,21%"
"23.12.2020","117.870","117.300","118.565","117.060","111,92K","0,93%"
"22.12.2020","116.786","116.335","117.125","115.760","141,22K","0,71%"
"21.12.2020","115.961","115.985","117.280","115.080","204,99K","-1,92%"
"18.12.2020","118.231","118.030","119.640","117.735","193,75K","-0,30%"
"17.12.2020","118.586","118.100","119.285","117.895","118,04K","0,86%"
"16.12.2020","117.577","116.245","117.635","115.330","18,09K","1,24%"
"15.12.2020","116.135","114.985","116.375","114.835","116,59K","1,37%"
"14.12.2020","114.569","115.605","115.945","114.300","162,62K","-0,47%"
"11.12.2020","115.115","114.500","115.545","113.920","156,47K","0,03%"
"10.12.2020","115.078","113.110","115.310","112.635","203,01K","1,85%"
"09.12.2020","112.983","114.050","114.180","112.455","190,31K","-0,68%"
"08.12.2020","113.754","113.090","114.390","112.750","173,92K","0,19%"
"07.12.2020","113.543","113.010","114.570","112.510","187,68K","-0,17%"
"04.12.2020","113.737","112.895","113.935","112.895","153,70K","1,40%"
"03.12.2020","112.164","111.885","113.450","111.765","193,01K","0,26%"
"02.12.2020","111.872","111.400","112.350","110.635","191,57K","0,33%"
"01.12.2020","111.499","110.595","111.955","110.335","182,93K","2,11%"
"30.11.2020","109.193","110.395","111.060","108.820","161,44K","-1,22%"
"27.11.2020","110.547","110.400","111.675","110.325","103,98K","0,21%"
"26.11.2020","110.316","109.915","110.390","109.430","57,36K","0,10%"
"25.11.2020","110.204","109.580","110.705","109.300","133,69K","0,23%"
"24.11.2020","109.955","108.145","110.330","107.590","170,85K","2,37%"
"23.11.2020","107.409","106.900","107.605","106.625","159,98K","1,32%"
"20.11.2020","106.013","106.835","107.100","105.710","109,63K","-0,80%"
"19.11.2020","106.869","105.705","107.135","105.590","140,25K","0,63%"
"18.11.2020","106.198","107.850","107.925","105.875","167,80K","-1,16%"
"17.11.2020","107.441","106.225","107.930","105.925","149,28K","0,82%"
"16.11.2020","106.566","105.710","106.900","105.280","135,09K","1,79%"
"13.11.2020","104.694","103.455","105.200","103.080","160,88K","2,11%"
"12.11.2020","102.534","104.900","105.250","102.150","178,65K","-2,16%"
"11.11.2020","104.797","105.180","105.560","104.245","145,84K","-0,27%"
"10.11.2020","105.079","103.515","105.930","103.395","214,11K","1,51%"
"09.11.2020","103.517","104.075","105.355","103.250","187,61K","2,38%"
"06.11.2020","101.110","100.400","101.270","99.995","133,36K","0,28%"
"05.11.2020","100.828","99.400","101.120","99.150","192,01K","2,95%"
"04.11.2020","97.935","95.965","98.470","95.955","138,66K","1,93%"
"03.11.2020","96.083","96.140","96.525","95.140","209,06K","2,17%"
"30.10.2020","94.042","95.405","96.335","93.635","176,29K","-2,66%"
"29.10.2020","96.608","95.100","96.890","93.550","229,26K","1,30%"
"28.10.2020","95.369","98.300","98.365","95.050","231,68K","-4,29%"
"27.10.2020","99.647","101.905","101.945","98.815","145,93K","-1,56%"
"26.10.2020","101.231","100.880","101.970","99.890","201,69K","-0,14%"
"23.10.2020","101.368","102.400","102.465","101.280","125,65K","-0,66%"
"22.10.2020","102.044","100.650","102.420","100.570","144,95K","1,37%"
"21.10.2020","100.662","100.700","101.865","100.285","136,93K","0,00%"
"20.10.2020","100.662","99.235","100.965","99.125","161,39K","1,86%"
"19.10.2020","98.825","99.100","100.165","98.575","196,00K","0,37%"
"16.10.2020","98.457","99.375","99.425","98.285","139,92K","-0,76%"
"15.10.2020","99.209","98.190","99.725","97.915","129,73K","-0,14%"
"14.10.2020","99.348","98.050","99.570","97.905","19,23K","0,81%"
"13.10.2020","98.552","98.200","99.045","97.225","209,63K","1,27%"
"09.10.2020","97.315","97.950","98.680","97.100","109,76K","-0,52%"
"08.10.2020","97.820","96.150","98.100","95.535","123,79K","2,48%"
"07.10.2020","95.456","96.270","96.430","94.730","162,57K","-0,10%"
"06.10.2020","95.548","96.750","97.480","95.125","148,44K","-0,60%"
"05.10.2020","96.120","94.145","96.460","93.670","150,98K","2,52%"
"02.10.2020","93.753","94.595","96.045","93.110","149,11K","-1,75%"
"01.10.2020","95.423","95.500","95.595","93.500","154,50K","0,88%"
"30.09.2020","94.587","93.300","95.385","93.150","149,25K","1,18%"
"29.09.2020","93.482","94.655","95.520","93.225","225,62K","-1,23%"
"28.09.2020","94.650","98.300","98.445","94.320","268,41K","-2,51%"
"25.09.2020","97.087","96.635","97.170","95.560","104,71K","0,08%"
"24.09.2020","97.012","95.485","98.075","95.320","138,67K","1,44%"
"23.09.2020","95.634","97.545","97.545","95.500","153,31K","-1,71%"
"22.09.2020","97.302","96.950","97.800","96.415","127,25K","0,21%"
"21.09.2020","97.102","96.725","97.375","95.825","159,11K","-1,13%"
"18.09.2020","98.215","100.110","100.155","97.975","155,52K","-1,97%"
"17.09.2020","100.192","98.900","100.380","98.565","125,96K","0,45%"
"16.09.2020","99.748","100.855","100.865","99.655","127,02K","-0,50%"
"15.09.2020","100.252","100.980","101.150","99.700","131,53K","-0,09%"
"14.09.2020","100.347","99.200","100.660","99.015","151,67K","2,08%"
"11.09.2020","98.302","99.210","99.565","97.795","165,82K","-0,46%"
"10.09.2020","98.755","101.000","101.685","98.315","175,60K","-2,68%"
"09.09.2020","101.471","100.750","101.830","100.565","116,71K","1,42%"
"08.09.2020","100.047","99.900","100.880","99.415","121,68K","-1,41%"
"04.09.2020","101.474","100.865","101.955","99.030","186,87K","0,60%"
"03.09.2020","100.866","102.015","103.440","99.850","213,57K","-1,22%"
"02.09.2020","102.108","102.505","103.125","100.950","146,23K","-0,23%"
"01.09.2020","102.341","100.590","102.480","100.195","152,48K","2,54%"
"31.08.2020","99.807","102.420","102.425","99.535","138,34K","-2,42%"
"28.08.2020","102.282","101.600","102.575","100.990","106,64K","1,59%"
"27.08.2020","100.678","100.685","101.820","99.940","129,68K","0,03%"
"26.08.2020","100.651","101.920","102.700","99.460","161,63K","-1,52%"
"25.08.2020","102.206","102.880","103.090","101.740","98,78K","-0,23%"
"24.08.2020","102.443","102.590","102.885","101.770","92,60K","0,79%"
"21.08.2020","101.637","101.000","101.810","100.500","115,30K","-0,02%"
"20.08.2020","101.655","99.000","102.040","98.885","161,37K","0,83%"
"19.08.2020","100.820","101.730","102.720","100.660","139,43K","-1,38%"
"18.08.2020","102.227","101.150","102.520","100.975","115,75K","2,50%"
"17.08.2020","99.733","101.105","101.915","98.665","169,13K","-1,76%"
"14.08.2020","101.516","100.260","102.000","99.770","142,30K","0,98%"
"13.08.2020","100.528","102.455","103.525","100.280","178,60K","-0,84%"
"12.08.2020","101.380","102.600","103.070","100.785","43,70K","-0,71%"
"11.08.2020","102.102","104.300","104.655","101.840","196,05K","-1,28%"
"10.08.2020","103.429","103.200","103.860","101.235","161,88K","0,59%"
"07.08.2020","102.818","103.130","104.275","101.905","182,74K","-1,28%"
"06.08.2020","104.146","102.500","104.655","102.100","172,93K","1,13%"
"05.08.2020","102.979","102.600","103.855","101.935","158,52K","1,51%"
"04.08.2020","101.452","102.585","102.885","99.960","217,41K","-1,64%"
"03.08.2020","103.144","103.910","104.075","102.325","156,82K","-0,02%"
"31.07.2020","103.161","105.500","105.785","102.625","169,63K","-2,00%"
"30.07.2020","105.262","104.875","105.875","103.935","152,57K","-0,21%"
"29.07.2020","105.487","104.500","105.790","104.335","122,78K","1,47%"
"28.07.2020","103.957","103.830","104.805","103.505","117,35K","-0,52%"
"27.07.2020","104.502","103.200","104.750","102.590","152,69K","2,07%"
"24.07.2020","102.386","101.985","102.830","100.905","173,47K","0,08%"
"23.07.2020","102.304","105.055","105.280","102.130","161,40K","-1,96%"
"22.07.2020","104.346","104.075","105.140","103.310","145,09K","-0,04%"
"21.07.2020","104.390","105.200","105.520","103.815","147,75K","-0,10%"
"20.07.2020","104.498","103.040","104.550","102.760","126,51K","1,33%"
"17.07.2020","103.124","101.155","103.225","101.140","155,03K","2,39%"
"16.07.2020","100.712","101.335","101.625","100.235","138,42K","-1,21%"
"15.07.2020","101.946","101.820","102.300","100.815","190,25K","1,46%"
"14.07.2020","100.475","98.980","100.680","98.360","205,07K","1,77%"
"13.07.2020","98.726","100.800","101.040","98.320","154,08K","-1,40%"
"10.07.2020","100.128","98.800","100.240","98.550","130,32K","0,92%"
"09.07.2020","99.212","99.980","100.380","98.925","129,52K","-0,82%"
"08.07.2020","100.031","98.350","100.170","98.210","177,33K","2,23%"
"07.07.2020","97.848","98.540","99.125","97.380","137,42K","-1,31%"
"06.07.2020","99.147","98.600","99.495","98.305","146,31K","2,35%"
"03.07.2020","96.868","96.500","96.970","96.005","58,76K","0,61%"
"02.07.2020","96.285","97.590","98.180","96.130","131,16K","-0,12%"
"01.07.2020","96.397","94.420","97.105","94.400","164,63K","1,11%"
"30.06.2020","95.342","95.800","96.490","94.915","158,13K","-0,56%"
"29.06.2020","95.876","94.280","96.275","93.950","142,30K","2,19%"
"26.06.2020","93.824","95.900","96.100","93.420","148,74K","-2,44%"
"25.06.2020","96.171","93.900","96.500","93.870","145,46K","1,84%"
"24.06.2020","94.433","95.210","96.110","93.370","178,00K","-1,73%"
"23.06.2020","96.092","96.940","97.665","95.845","141,99K","0,64%"
"22.06.2020","95.481","97.160","97.645","95.030","124,08K","-0,96%"
"19.06.2020","96.404","97.280","97.930","95.990","156,23K","0,05%"
"18.06.2020","96.354","94.150","97.390","94.005","158,04K","0,28%"
"17.06.2020","96.082","94.265","96.445","93.950","17,24K","2,74%"
"16.06.2020","93.522","94.045","95.435","92.745","142,15K","1,14%"
"15.06.2020","92.469","90.600","93.185","89.950","138,02K","-0,15%"
"12.06.2020","92.604","91.395","93.375","90.690","223,31K","-2,15%"
"10.06.2020","94.641","97.000","97.950","94.330","192,73K","-1,91%"
"09.06.2020","96.482","96.520","97.378","95.512","-","-1,13%"
"08.06.2020","97.588","95.700","98.100","95.470","132,82K","3,18%"
"05.06.2020","94.583","95.400","97.465","94.350","196,64K","0,74%"
"04.06.2020","93.884","92.255","94.260","92.000","149,29K","1,03%"
"03.06.2020","92.923","91.500","93.845","91.500","185,16K","1,93%"
"02.06.2020","91.164","89.600","91.495","89.300","141,62K","2,69%"
"01.06.2020","88.776","87.600","89.165","86.685","118,62K","1,80%"
"29.05.2020","87.209","86.700","87.600","85.370","169,96K","0,20%"
"28.05.2020","87.033","87.975","88.200","86.620","174,24K","-1,08%"
"27.05.2020","87.982","86.700","88.250","86.000","167,92K","2,64%"
"26.05.2020","85.721","86.500","87.455","85.375","140,84K","-0,16%"
"25.05.2020","85.860","85.250","86.100","84.735","101,43K","4,15%"
"22.05.2020","82.436","83.000","84.420","81.500","141,29K","-0,80%"
"21.05.2020","83.104","81.000","83.485","80.870","144,12K","2,25%"
"20.05.2020","81.273","81.680","82.430","80.925","113,87K","0,60%"
"19.05.2020","80.791","81.380","82.330","80.580","126,92K","-0,72%"
"18.05.2020","81.373","79.600","81.625","79.405","129,75K","4,70%"
"15.05.2020","77.721","78.650","79.700","77.290","156,90K","-1,76%"
"14.05.2020","79.113","77.560","79.555","75.680","202,73K","1,41%"
"13.05.2020","78.011","79.000","79.165","77.205","135,31K","0,12%"
"12.05.2020","77.916","79.600","80.440","77.555","160,79K","-1,40%"
"11.05.2020","79.026","79.400","80.840","78.745","117,61K","-1,82%"
"08.05.2020","80.493","79.400","80.950","79.120","128,79K","2,46%"
"07.05.2020","78.558","80.300","80.890","78.120","205,36K","-0,83%"
"06.05.2020","79.219","80.255","80.485","78.135","152,77K","-0,52%"
"05.05.2020","79.630","80.200","81.300","79.235","133,09K","0,67%"
"04.05.2020","79.098","77.375","79.350","77.070","124,63K","-1,77%"
"30.04.2020","80.525","82.805","83.000","79.985","182,78K","-3,54%"
"29.04.2020","83.477","82.000","84.180","81.810","158,18K","2,46%"
"28.04.2020","81.473","79.980","81.700","79.700","164,99K","4,00%"
"27.04.2020","78.341","78.010","78.985","76.435","174,76K","4,00%"
"24.04.2020","75.330","79.500","79.960","71.800","314,53K","-5,57%"
"23.04.2020","79.774","80.600","81.980","78.710","177,57K","-1,26%"
"22.04.2020","80.795","78.675","81.490","78.355","149,39K","2,10%"
"20.04.2020","79.136","76.980","80.455","76.785","155,80K","-0,06%"
"17.04.2020","79.187","81.020","81.025","77.955","140,87K","1,46%"
"16.04.2020","78.045","80.000","80.400","77.600","161,13K","-1,70%"
"15.04.2020","79.397","78.000","80.090","77.630","30,60K","-0,67%"
"14.04.2020","79.932","80.250","81.715","79.800","147,76K","1,32%"
"13.04.2020","78.893","77.500","79.315","76.320","187,91K","1,28%"
"09.04.2020","77.894","78.600","80.465","77.415","201,78K","-1,03%"
"08.04.2020","78.707","76.990","79.165","76.125","171,14K","3,18%"
"07.04.2020","76.279","77.630","80.000","76.080","208,81K","2,93%"
"06.04.2020","74.106","72.685","75.365","72.185","159,29K","6,85%"
"03.04.2020","69.354","72.505","73.205","67.710","162,47K","-3,83%"
"02.04.2020","72.117","72.925","74.025","71.030","203,25K","1,73%"
"01.04.2020","70.893","70.000","71.560","68.835","172,82K","-2,60%"
"31.03.2020","72.788","74.595","75.485","71.900","155,86K","-2,44%"
"30.03.2020","74.612","73.355","75.120","72.835","105,65K","2,14%"
"27.03.2020","73.050","74.860","75.800","72.510","136,10K","-6,01%"
"26.03.2020","77.721","72.890","78.850","72.225","177,69K","3,85%"
"25.03.2020","74.840","68.890","76.890","67.700","190,79K","7,07%"
"24.03.2020","69.900","67.990","71.575","66.675","140,53K","10,78%"
"23.03.2020","63.099","64.295","69.990","61.905","171,30K","-5,83%"
"20.03.2020","67.003","70.300","72.370","65.800","206,24K","-0,69%"
"19.03.2020","67.466","66.300","70.030","61.435","198,09K","1,30%"
"18.03.2020","66.597","67.300","70.250","63.520","170,66K","-10,88%"
"17.03.2020","74.726","70.780","77.410","70.535","167,65K","6,18%"
"16.03.2020","70.376","74.415","76.375","70.280","194,41K","-14,88%"
"13.03.2020","82.679","79.335","82.940","72.600","218,06K","14,63%"
"12.03.2020","72.125","76.365","76.365","72.125","91,37K","-15,00%"
"11.03.2020","84.848","89.505","90.660","80.540","281,70K","-7,82%"
"10.03.2020","92.042","90.500","92.785","87.345","322,13K","6,93%"
"09.03.2020","86.080","88.540","90.855","86.080","265,86K","-12,50%"
"06.03.2020","98.376","99.000","99.800","97.170","322,52K","-3,93%"
"05.03.2020","102.397","105.700","106.550","100.770","268,87K","-4,90%"
"04.03.2020","107.677","107.500","108.500","105.365","226,58K","1,96%"
"03.03.2020","105.612","107.600","109.385","104.780","308,86K","-1,43%"
"02.03.2020","107.145","103.905","107.745","103.090","282,85K","2,78%"
"28.02.2020","104.252","101.355","104.960","100.335","368,35K","0,78%"
"27.02.2020","103.449","104.560","107.170","103.000","405,87K","-2,65%"
"26.02.2020","106.261","108.800","109.135","105.480","318,63K","-6,83%"
"21.02.2020","114.045","114.400","114.500","113.190","177,88K","-0,91%"
"20.02.2020","115.090","116.750","117.175","114.875","174,62K","-1,74%"
"19.02.2020","117.130","115.910","117.200","115.280","141,58K","1,39%"
"18.02.2020","115.527","114.885","115.715","114.125","140,07K","-0,36%"
"17.02.2020","115.939","115.510","116.390","115.305","105,11K","0,80%"
"14.02.2020","115.021","116.750","116.900","114.770","151,07K","-1,10%"
"13.02.2020","116.303","116.100","116.700","115.440","194,62K","-0,55%"
"12.02.2020","116.951","116.200","117.270","115.570","35,80K","1,37%"
"11.02.2020","115.367","113.615","115.610","113.580","188,17K","2,19%"
"10.02.2020","112.895","113.550","114.190","112.140","193,50K","-0,75%"
"07.02.2020","113.750","115.000","115.250","113.530","179,04K","-1,25%"
"06.02.2020","115.189","117.000","117.540","114.775","198,57K","-0,93%"
"05.02.2020","116.274","116.820","117.850","116.170","202,91K","0,46%"
"04.02.2020","115.737","116.280","116.780","115.570","156,05K","0,73%"
"03.02.2020","114.903","114.450","115.500","113.600","189,06K","0,85%"
"31.01.2020","113.931","114.600","114.650","113.230","189,88K","-1,48%"
"30.01.2020","115.648","114.290","115.785","112.925","216,28K","0,17%"
"29.01.2020","115.451","116.980","117.390","115.270","171,04K","-1,14%"
"28.01.2020","116.779","115.000","117.050","114.930","210,29K","1,89%"
"27.01.2020","114.618","116.500","116.890","114.460","212,81K","-3,32%"
"24.01.2020","118.558","119.810","120.085","118.280","164,75K","-1,04%"
"23.01.2020","119.808","118.195","119.865","117.125","210,71K","1,05%"
"22.01.2020","118.565","117.715","118.660","117.710","126,90K","1,10%"
"21.01.2020","117.277","118.300","118.900","117.125","158,54K","-1,53%"
"20.01.2020","119.097","118.655","119.165","118.150","83,23K","0,31%"
"17.01.2020","118.728","117.405","118.810","117.225","125,03K","1,50%"
"16.01.2020","116.978","117.145","117.540","116.235","173,70K","0,19%"
"15.01.2020","116.757","117.650","117.665","116.525","177,66K","-0,95%"
"14.01.2020","117.879","117.710","118.100","116.955","178,81K","0,09%"
"13.01.2020","117.775","116.375","117.875","116.120","177,47K","1,77%"
"10.01.2020","115.726","116.790","117.230","115.320","162,83K","-0,54%"
"09.01.2020","116.359","117.180","117.355","115.810","223,12K","-0,12%"
"08.01.2020","116.503","117.220","117.890","116.090","240,94K","-0,52%"
"07.01.2020","117.116","117.770","117.925","116.345","175,17K","-0,13%"
"06.01.2020","117.267","117.860","118.260","116.795","225,02K","-1,09%"
"03.01.2020","118.561","117.770","119.410","117.000","209,54K","-0,35%"
"02.01.2020","118.982","117.000","119.100","116.870","168,02K","2,61%"
"30.12.2019","115.952","117.120","117.710","115.800","100,09K","-0,84%"
"27.12.2019","116.938","117.860","118.565","116.570","125,41K","-0,78%"
"26.12.2019","117.858","116.500","117.925","116.230","86,44K","1,32%"
"23.12.2019","116.319","115.880","116.400","115.540","64,05K","0,48%"
"20.12.2019","115.759","115.550","116.025","115.125","114,35K","0,03%"
"19.12.2019","115.728","114.755","115.890","114.325","132,50K","1,50%"
"18.12.2019","114.023","112.625","114.090","112.290","48,91K","1,24%"
"17.12.2019","112.629","112.350","112.815","111.945","124,62K","0,40%"
"16.12.2019","112.176","112.900","113.345","111.915","102,86K","-0,43%"
"13.12.2019","112.665","112.600","112.965","111.880","163,60K","0,18%"
"12.12.2019","112.458","111.550","112.595","111.385","148,05K","1,26%"
"11.12.2019","111.055","111.070","111.285","110.605","96,36K","0,32%"
"10.12.2019","110.705","110.765","111.325","110.255","129,17K","-0,33%"
"09.12.2019","111.071","110.950","111.570","110.910","98,25K","-0,21%"
"06.12.2019","111.303","110.875","111.655","110.820","123,88K","0,48%"
"05.12.2019","110.775","110.655","111.320","110.135","130,10K","0,31%"
"04.12.2019","110.428","109.700","110.545","109.360","128,80K","1,14%"
"03.12.2019","109.184","109.000","109.715","108.325","162,31K","0,03%"
"02.12.2019","109.153","108.290","109.585","108.250","169,57K","0,73%"
"29.11.2019","108.359","108.420","109.010","107.950","143,68K","-0,17%"
"28.11.2019","108.539","107.785","108.665","107.380","123,95K","0,47%"
"27.11.2019","108.035","107.800","108.230","106.455","160,46K","0,50%"
"26.11.2019","107.500","108.400","108.525","106.650","168,63K","-1,16%"
"25.11.2019","108.766","109.250","109.400","108.365","105,54K","-0,11%"
"22.11.2019","108.891","107.970","108.995","107.525","121,24K","1,05%"
"21.11.2019","107.758","105.810","107.985","105.810","128,43K","1,58%"
"19.11.2019","106.080","107.070","107.350","105.700","114,56K","-0,56%"
"18.11.2019","106.681","107.750","108.210","106.520","173,70K","-0,25%"
"14.11.2019","106.944","106.670","107.240","106.180","108,30K","0,33%"
"13.11.2019","106.589","106.600","107.260","105.620","179,88K","-0,52%"
"12.11.2019","107.146","108.875","108.985","106.620","228,94K","-1,55%"
"11.11.2019","108.834","107.585","108.880","107.150","157,41K","0,86%"
"08.11.2019","107.908","109.100","109.475","107.540","187,50K","-1,90%"
"07.11.2019","110.001","109.480","110.285","109.045","138,85K","1,03%"
"06.11.2019","108.876","109.300","110.320","107.710","199,87K","-0,20%"
"05.11.2019","109.091","109.560","109.915","108.800","126,20K","-0,13%"
"04.11.2019","109.228","109.680","109.975","108.960","122,03K","0,41%"
"01.11.2019","108.782","107.950","109.150","107.920","121,80K","0,83%"
"31.10.2019","107.885","108.690","108.695","106.900","133,47K","-1,02%"
"30.10.2019","109.000","108.105","109.055","107.125","126,57K","0,83%"
"29.10.2019","108.100","108.500","108.725","107.900","86,45K","-0,60%"
"28.10.2019","108.756","108.300","109.125","107.960","90,41K","0,61%"
"25.10.2019","108.099","108.110","108.860","107.670","119,16K","0,39%"
"24.10.2019","107.681","108.480","108.620","107.285","122,54K","-0,46%"
"23.10.2019","108.180","107.600","108.740","107.520","132,51K","0,20%"
"22.10.2019","107.969","106.800","108.215","106.640","155,87K","1,21%"
"21.10.2019","106.678","105.680","106.920","105.415","100,00K","1,25%"
"18.10.2019","105.366","105.710","106.300","105.245","104,62K","-0,36%"
"17.10.2019","105.750","106.355","106.770","105.595","148,98K","0,79%"
"16.10.2019","104.921","104.195","104.940","103.445","26,56K","0,46%"
"15.10.2019","104.440","104.655","105.135","104.060","156,06K","0,14%"
"14.10.2019","104.293","103.395","104.450","103.350","120,79K","0,44%"
"11.10.2019","103.837","103.290","104.590","102.840","242,61K","1,91%"
"10.10.2019","101.892","101.320","102.595","101.235","130,04K","0,58%"
"09.10.2019","101.300","100.845","101.685","100.235","139,41K","1,40%"
"08.10.2019","99.898","100.300","101.485","99.695","182,05K","-0,76%"
"07.10.2019","100.661","102.250","102.560","100.380","172,29K","-1,90%"
"04.10.2019","102.613","101.200","102.770","101.040","190,00K","1,14%"
"03.10.2019","101.456","101.250","101.730","99.870","247,19K","0,30%"
"02.10.2019","101.149","103.320","103.395","101.015","281,52K","-2,89%"
"01.10.2019","104.157","105.265","105.350","103.985","192,03K","-0,93%"
"30.09.2019","105.139","105.800","105.800","104.845","136,56K","-0,19%"
"27.09.2019","105.344","105.500","105.900","104.705","142,45K","-0,19%"
"26.09.2019","105.540","105.275","105.615","104.545","129,66K","0,80%"
"25.09.2019","104.700","103.480","104.805","103.270","189,18K","0,55%"
"24.09.2019","104.126","105.475","105.475","103.690","174,06K","-0,73%"
"23.09.2019","104.896","104.600","105.020","104.280","122,88K","-0,16%"
"20.09.2019","105.061","105.240","105.410","104.150","155,57K","0,38%"
"19.09.2019","104.667","105.600","106.430","104.535","174,43K","-0,16%"
"18.09.2019","104.831","105.200","105.200","103.925","136,36K","-0,11%"
"17.09.2019","104.951","103.700","105.225","103.300","137,30K","0,98%"
"16.09.2019","103.929","103.750","104.460","103.120","159,11K","0,08%"
"13.09.2019","103.842","105.155","105.270","103.635","111,35K","-0,90%"
"12.09.2019","104.781","104.650","105.195","104.125","157,59K","0,79%"
"11.09.2019","103.955","103.880","104.685","103.640","125,10K","0,47%"
"10.09.2019","103.466","103.490","104.155","102.720","148,29K","-0,18%"
"09.09.2019","103.655","104.000","104.840","103.330","150,19K","0,19%"
"06.09.2019","103.457","102.995","103.760","102.875","94,44K","0,67%"
"05.09.2019","102.764","102.300","103.875","102.300","163,38K","1,04%"
"04.09.2019","101.704","101.690","101.850","100.945","119,66K","1,49%"
"03.09.2019","100.208","100.870","102.100","99.905","222,70K","-0,97%"
"02.09.2019","101.190","102.010","102.270","101.060","75,80K","-1,01%"
"30.08.2019","102.221","102.000","102.340","101.360","142,57K","0,94%"
"29.08.2019","101.269","99.100","101.590","99.100","163,50K","2,54%"
"28.08.2019","98.762","97.300","99.040","96.905","147,47K","1,10%"
"27.08.2019","97.692","96.700","98.615","96.410","263,29K","1,01%"
"26.08.2019","96.718","98.890","99.200","95.620","187,62K","-1,68%"
"23.08.2019","98.367","101.000","101.005","97.525","224,69K","-2,42%"
"22.08.2019","100.808","101.935","102.420","100.620","116,19K","-1,25%"
"21.08.2019","102.084","100.600","102.265","100.220","165,67K","2,09%"
"20.08.2019","99.994","100.170","100.625","98.560","155,55K","-0,17%"
"19.08.2019","100.168","101.860","101.885","99.675","149,39K","-0,48%"
"16.08.2019","100.649","100.800","101.370","99.870","200,00K","0,84%"
"15.08.2019","99.813","101.500","102.070","98.940","211,81K","-0,52%"
"14.08.2019","100.330","101.965","102.160","100.200","29,39K","-2,92%"
"13.08.2019","103.349","101.350","103.840","101.200","212,96K","1,38%"
"12.08.2019","101.947","103.000","103.050","101.570","153,58K","-1,94%"
"09.08.2019","103.961","103.800","104.930","103.555","146,22K","-0,33%"
"08.08.2019","104.300","103.300","104.485","103.040","196,34K","1,28%"
"07.08.2019","102.982","102.550","103.100","100.505","204,88K","0,72%"
"06.08.2019","102.244","101.050","102.405","100.965","177,07K","2,06%"
"05.08.2019","100.185","101.305","101.415","99.710","205,38K","-2,56%"
"02.08.2019","102.814","101.610","103.360","101.435","148,20K","0,50%"
"01.08.2019","102.307","102.400","104.275","102.000","219,27K","0,33%"
"31.07.2019","101.967","103.375","103.615","101.080","190,60K","-1,13%"
"30.07.2019","103.129","103.550","103.850","102.810","112,22K","-0,52%"
"29.07.2019","103.673","103.315","103.950","102.715","78,38K","0,35%"
"26.07.2019","103.314","103.370","103.630","102.465","127,00K","0,41%"
"25.07.2019","102.888","104.640","104.840","102.655","199,18K","-1,48%"
"24.07.2019","104.434","104.100","104.965","104.090","120,98K","0,32%"
"23.07.2019","104.098","104.615","104.900","103.805","128,22K","-0,17%"
"22.07.2019","104.275","104.045","104.730","103.945","99,59K","0,37%"
"19.07.2019","103.892","105.495","105.550","103.660","122,90K","-1,16%"
"18.07.2019","105.116","104.145","105.335","104.110","100,05K","0,74%"
"17.07.2019","104.340","104.405","104.925","104.135","113,45K","0,07%"
"16.07.2019","104.269","104.780","104.965","103.775","123,14K","-0,01%"
"15.07.2019","104.276","105.000","105.270","103.965","112,34K","-0,17%"
"12.07.2019","104.452","105.630","106.225","104.155","156,51K","-1,21%"
"11.07.2019","105.726","106.850","107.145","105.330","144,18K","-0,72%"
"10.07.2019","106.496","106.100","107.295","105.820","146,74K","1,29%"
"08.07.2019","105.137","104.515","105.370","104.390","87,30K","0,46%"
"05.07.2019","104.658","104.375","104.880","103.280","117,92K","0,34%"
"04.07.2019","104.303","103.100","104.750","102.795","110,09K","1,55%"
"03.07.2019","102.711","101.100","102.920","100.405","135,70K","1,45%"
"02.07.2019","101.242","102.040","102.345","100.570","193,58K","-0,76%"